/*M!999999\- enable the sandbox mode */ 
-- MariaDB dump 10.19  Distrib 10.11.16-MariaDB, for debian-linux-gnu (x86_64)
--
-- Host: localhost    Database: spmvv_results
-- ------------------------------------------------------
-- Server version	10.11.16-MariaDB-ubu2204

/*!40101 SET @OLD_CHARACTER_SET_CLIENT=@@CHARACTER_SET_CLIENT */;
/*!40101 SET @OLD_CHARACTER_SET_RESULTS=@@CHARACTER_SET_RESULTS */;
/*!40101 SET @OLD_COLLATION_CONNECTION=@@COLLATION_CONNECTION */;
/*!40101 SET NAMES utf8mb4 */;
/*!40103 SET @OLD_TIME_ZONE=@@TIME_ZONE */;
/*!40103 SET TIME_ZONE='+00:00' */;
/*!40014 SET @OLD_UNIQUE_CHECKS=@@UNIQUE_CHECKS, UNIQUE_CHECKS=0 */;
/*!40014 SET @OLD_FOREIGN_KEY_CHECKS=@@FOREIGN_KEY_CHECKS, FOREIGN_KEY_CHECKS=0 */;
/*!40101 SET @OLD_SQL_MODE=@@SQL_MODE, SQL_MODE='NO_AUTO_VALUE_ON_ZERO' */;
/*!40111 SET @OLD_SQL_NOTES=@@SQL_NOTES, SQL_NOTES=0 */;

--
-- Table structure for table `audit_logs`
--

DROP TABLE IF EXISTS `audit_logs`;
/*!40101 SET @saved_cs_client     = @@character_set_client */;
/*!40101 SET character_set_client = utf8mb4 */;
CREATE TABLE `audit_logs` (
  `id` bigint(20) NOT NULL AUTO_INCREMENT,
  `action` varchar(50) NOT NULL,
  `details` longtext NOT NULL,
  `ip_address` char(39) DEFAULT NULL,
  `timestamp` datetime(6) NOT NULL,
  `user_id` bigint(20) DEFAULT NULL,
  `session_id` varchar(64) DEFAULT NULL,
  PRIMARY KEY (`id`),
  KEY `audit_logs_user_id_88267f_idx` (`user_id`,`timestamp`),
  KEY `audit_logs_action_474804_idx` (`action`,`timestamp`),
  KEY `audit_logs_session_id_ceb3955b` (`session_id`),
  CONSTRAINT `audit_logs_user_id_752b0e2b_fk_users_id` FOREIGN KEY (`user_id`) REFERENCES `users` (`id`)
) ENGINE=InnoDB AUTO_INCREMENT=251 DEFAULT CHARSET=utf8mb4 COLLATE=utf8mb4_general_ci;
/*!40101 SET character_set_client = @saved_cs_client */;

--
-- Dumping data for table `audit_logs`
--

LOCK TABLES `audit_logs` WRITE;
/*!40000 ALTER TABLE `audit_logs` DISABLE KEYS */;
INSERT INTO `audit_logs` VALUES
(1,'login','Successful login from 10.189.129.61','10.189.129.61','2026-03-21 03:30:24.982618',1,NULL),
(2,'login','Successful login from 10.189.129.61','10.189.129.61','2026-03-21 03:32:32.962266',1,NULL),
(3,'login','Successful login from 172.18.0.1','172.18.0.1','2026-03-21 04:03:48.362081',1,'5314a43543c249c2b90b57a014c435d8'),
(4,'login','Successful login from 172.18.0.1','172.18.0.1','2026-03-21 04:03:57.081290',1,'5ccafc78c7e5405f9fef66bc3bddc276'),
(5,'login','Successful login from 172.18.0.1','172.18.0.1','2026-03-21 04:04:39.857245',1,'3a950958ca3a4d0885e70e9733704dca'),
(6,'login','Successful login from 172.18.0.1','172.18.0.1','2026-03-21 04:13:38.425828',1,'ef1ce6e190504a4c9b362b28c41f8b22'),
(7,'login','Successful login from 172.18.0.1','172.18.0.1','2026-03-21 04:14:48.216714',1,'5d1008f0c6154e709f309b3ec74c64e4'),
(8,'login','Successful login from 172.18.0.1','172.18.0.1','2026-03-21 04:15:11.077001',1,'a2498bedbed14d7f897bf3eb01884f3a'),
(9,'login','Successful login from 10.189.129.61','10.189.129.61','2026-03-21 04:36:09.403828',1,'f0ffc45ab7f84343898171cce4f68960'),
(10,'login','Successful login from 172.18.0.4','172.18.0.4','2026-03-21 05:31:44.358529',1,NULL),
(11,'login','Successful login from 172.18.0.4','172.18.0.4','2026-03-21 05:31:56.579533',1,NULL),
(12,'login','Successful login from 172.18.0.4','172.18.0.4','2026-03-21 06:04:36.998099',1,'fe9d0c19615b436bb0b423c406f5b6d4'),
(13,'result_upload','Uploaded results: 12 created, 0 updated, Branches: [\'eee\', \'cse\']','172.18.0.4','2026-03-21 06:15:07.007208',1,'fe9d0c19615b436bb0b423c406f5b6d4'),
(14,'user_registration','Student registered: 2271010','172.18.0.4','2026-03-21 06:17:26.094587',2,NULL),
(15,'login','Successful login from 172.18.0.4','172.18.0.4','2026-03-21 06:17:34.859776',2,'dd7eaa95585649598b23941a6e0b4629'),
(16,'consolidated_result_view','Viewed consolidated results: 1 year/semester groups','172.18.0.4','2026-03-21 06:17:35.136100',2,'dd7eaa95585649598b23941a6e0b4629'),
(17,'circular_created','Created circular: Holidays','172.18.0.4','2026-03-21 06:18:07.917694',1,'fe9d0c19615b436bb0b423c406f5b6d4'),
(18,'consolidated_result_view','Viewed consolidated results: 1 year/semester groups','172.18.0.4','2026-03-21 06:18:13.637948',2,'dd7eaa95585649598b23941a6e0b4629'),
(19,'photo_uploaded','{\"roll_number\": \"2271010\", \"ip\": \"172.18.0.4\"}','172.18.0.4','2026-03-21 06:23:34.991079',2,NULL),
(20,'profile_updated','Student updated profile: 2271010','172.18.0.4','2026-03-21 06:23:37.616107',2,'dd7eaa95585649598b23941a6e0b4629'),
(21,'exam_created','{\"exam_id\": 1, \"exam_name\": \"I Year B.Tech I Semester Regular Examinations January 2026\", \"ip\": \"172.18.0.4\"}','172.18.0.4','2026-03-21 06:23:51.332007',1,NULL),
(22,'subject_added','{\"exam_id\": 1, \"subject_id\": 1, \"subject_code\": \"c101\", \"ip\": \"172.18.0.4\"}','172.18.0.4','2026-03-21 06:23:51.556182',1,NULL),
(23,'student_list_uploaded','{\"exam_id\": 1, \"created_count\": 3, \"skipped_count\": 0, \"ip\": \"172.18.0.4\"}','172.18.0.4','2026-03-21 06:23:51.813121',1,NULL),
(24,'hall_tickets_generated','{\"exam_id\": 1, \"generated_count\": 3, \"skipped_count\": 0, \"ip\": \"172.18.0.4\"}','172.18.0.4','2026-03-21 06:23:58.313331',1,NULL),
(25,'bulk_hall_tickets_downloaded','{\"exam_id\": 1, \"exam_name\": \"I Year B.Tech I Semester Regular Examinations January 2026\", \"ticket_count\": 3, \"ip\": \"172.18.0.4\"}','172.18.0.4','2026-03-21 06:23:58.832616',1,NULL),
(26,'result_view','Detained students: up_to=Y1S1, exam_month_year=all, branch=all, credits lt 20.0 -> 12 students','172.18.0.4','2026-03-21 06:25:20.050967',1,'fe9d0c19615b436bb0b423c406f5b6d4'),
(27,'login','Successful login from 172.18.0.4','172.18.0.4','2026-03-21 06:32:59.361065',2,'b8b12aee687f493f94c81393ab19766f'),
(28,'consolidated_result_view','Viewed consolidated results: 1 year/semester groups','172.18.0.4','2026-03-21 06:32:59.651289',2,'b8b12aee687f493f94c81393ab19766f'),
(29,'consolidated_result_view','Viewed consolidated results: 1 year/semester groups','172.18.0.4','2026-03-21 06:33:07.046204',2,'b8b12aee687f493f94c81393ab19766f'),
(30,'hall_tickets_generated','{\"exam_id\": 1, \"generated_count\": 0, \"skipped_count\": 3, \"ip\": \"172.18.0.4\"}','172.18.0.4','2026-03-21 06:33:17.361784',1,NULL),
(31,'bulk_hall_tickets_downloaded','{\"exam_id\": 1, \"exam_name\": \"I Year B.Tech I Semester Regular Examinations January 2026\", \"ticket_count\": 3, \"ip\": \"172.18.0.4\"}','172.18.0.4','2026-03-21 06:33:17.662683',1,NULL),
(32,'consolidated_result_view','Viewed consolidated results: 1 year/semester groups','172.18.0.4','2026-03-21 06:34:07.449789',2,'b8b12aee687f493f94c81393ab19766f'),
(33,'consolidated_result_view','Viewed consolidated results: 1 year/semester groups','172.18.0.4','2026-03-21 06:48:31.977505',2,'b8b12aee687f493f94c81393ab19766f'),
(34,'consolidated_result_view','Viewed consolidated results: 1 year/semester groups','172.18.0.4','2026-03-21 06:53:08.543380',2,'b8b12aee687f493f94c81393ab19766f'),
(35,'consolidated_result_view','Viewed consolidated results: 1 year/semester groups','172.18.0.4','2026-03-21 06:53:14.786327',2,'b8b12aee687f493f94c81393ab19766f'),
(36,'consolidated_result_view','Viewed consolidated results: 1 year/semester groups','172.18.0.4','2026-03-21 06:54:15.449308',2,'b8b12aee687f493f94c81393ab19766f'),
(37,'consolidated_result_view','Viewed consolidated results: 1 year/semester groups','172.18.0.4','2026-03-21 06:55:15.476591',2,'b8b12aee687f493f94c81393ab19766f'),
(38,'consolidated_result_view','Viewed consolidated results: 1 year/semester groups','172.18.0.4','2026-03-21 06:56:16.060924',2,'b8b12aee687f493f94c81393ab19766f'),
(39,'consolidated_result_view','Viewed consolidated results: 1 year/semester groups','172.18.0.4','2026-03-21 06:57:15.468064',2,'b8b12aee687f493f94c81393ab19766f'),
(40,'consolidated_result_view','Viewed consolidated results: 1 year/semester groups','172.18.0.4','2026-03-21 06:58:15.477570',2,'b8b12aee687f493f94c81393ab19766f'),
(41,'login','Successful login from 172.18.0.4','172.18.0.4','2026-03-21 06:58:47.838904',NULL,'6fe44a72905246189cfba0ea061675b2'),
(42,'consolidated_result_view','Viewed consolidated results: 1 year/semester groups','172.18.0.4','2026-03-21 06:59:15.477012',2,'b8b12aee687f493f94c81393ab19766f'),
(43,'consolidated_result_view','Viewed consolidated results: 1 year/semester groups','172.18.0.4','2026-03-21 06:59:57.311690',2,'b8b12aee687f493f94c81393ab19766f'),
(44,'consolidated_result_view','Viewed consolidated results: 1 year/semester groups','172.18.0.4','2026-03-21 07:00:57.457060',2,'b8b12aee687f493f94c81393ab19766f'),
(45,'consolidated_result_view','Viewed consolidated results: 1 year/semester groups','172.18.0.4','2026-03-21 07:01:57.457253',2,'b8b12aee687f493f94c81393ab19766f'),
(46,'consolidated_result_view','Viewed consolidated results: 1 year/semester groups','172.18.0.4','2026-03-21 07:02:57.462364',2,'b8b12aee687f493f94c81393ab19766f'),
(47,'consolidated_result_view','Viewed consolidated results: 1 year/semester groups','172.18.0.4','2026-03-21 07:03:57.476373',2,'b8b12aee687f493f94c81393ab19766f'),
(48,'consolidated_result_view','Viewed consolidated results: 1 year/semester groups','172.18.0.4','2026-03-21 07:04:57.361062',2,'b8b12aee687f493f94c81393ab19766f'),
(49,'login','Successful login from 172.18.0.4','172.18.0.4','2026-03-21 07:05:02.401659',1,'e616744f121e46bc80533506584afdf7'),
(50,'consolidated_result_view','Viewed consolidated results: 1 year/semester groups','172.18.0.4','2026-03-21 07:05:57.474502',2,'b8b12aee687f493f94c81393ab19766f'),
(51,'consolidated_result_view','Viewed consolidated results: 1 year/semester groups','172.18.0.4','2026-03-21 07:06:57.472332',2,'b8b12aee687f493f94c81393ab19766f'),
(52,'consolidated_result_view','Viewed consolidated results: 1 year/semester groups','172.18.0.4','2026-03-21 07:07:58.490688',2,'b8b12aee687f493f94c81393ab19766f'),
(53,'consolidated_result_view','Viewed consolidated results: 1 year/semester groups','172.18.0.4','2026-03-21 07:08:59.456733',2,'b8b12aee687f493f94c81393ab19766f'),
(54,'consolidated_result_view','Viewed consolidated results: 1 year/semester groups','172.18.0.4','2026-03-21 07:10:00.497819',2,'b8b12aee687f493f94c81393ab19766f'),
(55,'consolidated_result_view','Viewed consolidated results: 1 year/semester groups','172.18.0.4','2026-03-21 07:11:01.495957',2,'b8b12aee687f493f94c81393ab19766f'),
(56,'consolidated_result_view','Viewed consolidated results: 1 year/semester groups','172.18.0.4','2026-03-21 07:12:02.483848',2,'b8b12aee687f493f94c81393ab19766f'),
(57,'consolidated_result_view','Viewed consolidated results: 1 year/semester groups','172.18.0.4','2026-03-21 07:13:03.472007',2,'b8b12aee687f493f94c81393ab19766f'),
(58,'consolidated_result_view','Viewed consolidated results: 1 year/semester groups','172.18.0.4','2026-03-21 07:13:14.971066',2,'b8b12aee687f493f94c81393ab19766f'),
(59,'circular_created','Created circular: hi','172.18.0.4','2026-03-21 07:34:27.653527',1,'e616744f121e46bc80533506584afdf7'),
(60,'login','Successful login from 172.18.0.4','172.18.0.4','2026-03-21 07:34:48.151542',2,'fb4c25003ced4aac9ac29c03156eeab6'),
(61,'consolidated_result_view','Viewed consolidated results: 1 year/semester groups','172.18.0.4','2026-03-21 07:34:48.392834',2,'fb4c25003ced4aac9ac29c03156eeab6'),
(62,'login','Successful login from 172.18.0.1','172.18.0.1','2026-03-21 07:38:18.972401',1,'844c8c36164b4882ae4ac01f8147833a'),
(63,'login','Successful login from 172.18.0.1','172.18.0.1','2026-03-21 07:41:08.445094',1,'3a885513669048638a5a9aac408114df'),
(64,'login','Successful login from 172.18.0.1','172.18.0.1','2026-03-21 08:19:55.269230',1,'88a7c631e39f49b2955386e1a9330e42'),
(65,'login','Successful login from 172.18.0.1','172.18.0.1','2026-03-21 08:32:58.346132',1,'a04b107fa7df40988bd6b73526d3430c'),
(66,'login','Successful login from 10.189.129.238','10.189.129.238','2026-03-22 01:41:16.221601',1,'44384d78ed3542d3b3d6673e61ce10e7'),
(67,'hall_tickets_generated','{\"exam_id\": 1, \"generated_count\": 0, \"skipped_count\": 3, \"ip\": \"172.18.0.5\"}','172.18.0.5','2026-03-22 01:41:21.568663',1,NULL),
(68,'bulk_hall_tickets_downloaded','{\"exam_id\": 1, \"exam_name\": \"I Year B.Tech I Semester Regular Examinations January 2026\", \"ticket_count\": 3, \"ip\": \"172.18.0.5\"}','172.18.0.5','2026-03-22 01:41:22.510952',1,NULL),
(69,'login','Successful login from 10.189.129.238','10.189.129.238','2026-03-22 01:42:05.632888',2,'70a1d2e3376d4676892780a628ed2b50'),
(70,'consolidated_result_view','Viewed consolidated results: 1 year/semester groups','10.189.129.238','2026-03-22 01:42:05.808095',2,'70a1d2e3376d4676892780a628ed2b50'),
(71,'consolidated_result_view','Viewed consolidated results: 1 year/semester groups','10.189.129.238','2026-03-22 01:43:07.047330',2,'70a1d2e3376d4676892780a628ed2b50'),
(72,'consolidated_result_view','Viewed consolidated results: 1 year/semester groups','10.189.129.238','2026-03-22 01:44:06.419617',2,'70a1d2e3376d4676892780a628ed2b50'),
(73,'consolidated_result_view','Viewed consolidated results: 1 year/semester groups','10.189.129.238','2026-03-22 01:45:07.047286',2,'70a1d2e3376d4676892780a628ed2b50'),
(74,'consolidated_result_view','Viewed consolidated results: 1 year/semester groups','10.189.129.238','2026-03-22 01:46:07.197507',2,'70a1d2e3376d4676892780a628ed2b50'),
(75,'consolidated_result_view','Viewed consolidated results: 1 year/semester groups','10.189.129.238','2026-03-22 01:47:06.445463',2,'70a1d2e3376d4676892780a628ed2b50'),
(76,'consolidated_result_view','Viewed consolidated results: 1 year/semester groups','10.189.129.238','2026-03-22 01:48:27.631196',2,'70a1d2e3376d4676892780a628ed2b50'),
(77,'consolidated_result_view','Viewed consolidated results: 1 year/semester groups','10.189.129.238','2026-03-22 02:11:19.794295',2,'70a1d2e3376d4676892780a628ed2b50'),
(78,'login','Successful login from 172.18.0.1','172.18.0.1','2026-03-22 02:58:30.171803',1,'18faafdf163c4b5fad94c7f937c17367'),
(79,'login','Successful login from 172.18.0.1','172.18.0.1','2026-03-22 03:01:28.034803',1,'00de9bf1afcc4ac9b6701544b2b94e74'),
(80,'login','Successful login from 172.18.0.1','172.18.0.1','2026-03-22 03:01:28.867248',1,'d4499ce94b5446da9daa7ba9206c8b3f'),
(81,'result_view','Viewed results: 12 records','172.18.0.1','2026-03-22 03:01:29.173020',1,'00de9bf1afcc4ac9b6701544b2b94e74'),
(82,'exam_created','{\"exam_id\": 2, \"exam_name\": \"I Year B.Tech CSE I Semester Regular Examinations January 2026\", \"ip\": \"172.18.0.1\"}','172.18.0.1','2026-03-22 03:01:29.246467',1,NULL),
(83,'subject_added','{\"exam_id\": 2, \"subject_id\": 2, \"subject_code\": \"CS101\", \"ip\": \"172.18.0.1\"}','172.18.0.1','2026-03-22 03:01:29.300292',1,NULL),
(84,'subject_added','{\"exam_id\": 2, \"subject_id\": 3, \"subject_code\": \"CS102\", \"ip\": \"172.18.0.1\"}','172.18.0.1','2026-03-22 03:01:29.354409',1,NULL),
(85,'student_list_uploaded','{\"exam_id\": 2, \"created_count\": 3, \"skipped_count\": 0, \"ip\": \"172.18.0.1\"}','172.18.0.1','2026-03-22 03:01:29.449299',1,NULL),
(86,'hall_tickets_generated','{\"exam_id\": 2, \"generated_count\": 3, \"skipped_count\": 0, \"ip\": \"172.18.0.1\"}','172.18.0.1','2026-03-22 03:01:29.508256',1,NULL),
(87,'hall_ticket_downloaded','{\"ticket_id\": 4, \"hall_ticket_number\": \"2-19PA1A0501\", \"ip\": \"172.18.0.1\"}','172.18.0.1','2026-03-22 03:01:29.592495',1,NULL),
(88,'login','Successful login from 172.18.0.1','172.18.0.1','2026-03-22 03:02:29.634906',1,'4521802bd83c4542879c280c569c1f29'),
(89,'login','Successful login from 172.18.0.1','172.18.0.1','2026-03-22 03:02:52.703768',1,'c149a0aa846e43cebbd97aa07f39a5d5'),
(90,'result_view','Viewed results: 12 records','172.18.0.1','2026-03-22 03:02:52.771333',1,'c149a0aa846e43cebbd97aa07f39a5d5'),
(91,'login','Successful login from 172.18.0.1','172.18.0.1','2026-03-22 03:03:24.961662',1,'1429ee7d97cc4aceb55d1fb2ce92d184'),
(92,'login','Successful login from 172.18.0.1','172.18.0.1','2026-03-22 03:03:54.471594',1,'7842faffbcc140cb9b41de4e3eeade4c'),
(93,'result_view','Viewed results: 12 records','172.18.0.1','2026-03-22 03:03:54.489268',1,'7842faffbcc140cb9b41de4e3eeade4c'),
(94,'login','Successful login from 172.18.0.1','172.18.0.1','2026-03-22 03:10:53.423025',1,'3cb6b55f746343e3bdc0bf0df5649d6f'),
(95,'login','Successful login from 172.18.0.1','172.18.0.1','2026-03-22 03:10:53.694060',NULL,'bc39cbc4ffcb4ab3865c2fc6d01d3bf3'),
(96,'login','Successful login from 172.18.0.1','172.18.0.1','2026-03-22 03:10:54.471368',NULL,'c88a7774c23640eabb9bd6fd772b3c4e'),
(97,'result_view','Viewed results: 12 records','172.18.0.1','2026-03-22 03:10:55.826200',1,'3cb6b55f746343e3bdc0bf0df5649d6f'),
(98,'result_view','Viewed results: 0 records','172.18.0.1','2026-03-22 03:10:55.854657',NULL,'c88a7774c23640eabb9bd6fd772b3c4e'),
(99,'exam_created','{\"exam_id\": 3, \"exam_name\": \"I Year B.Tech CSE I Semester Regular Examinations January 2026\", \"ip\": \"172.18.0.1\"}','172.18.0.1','2026-03-22 03:10:55.879201',1,NULL),
(100,'subject_added','{\"exam_id\": 3, \"subject_id\": 4, \"subject_code\": \"CS101\", \"ip\": \"172.18.0.1\"}','172.18.0.1','2026-03-22 03:10:55.909616',1,NULL),
(101,'subject_added','{\"exam_id\": 3, \"subject_id\": 5, \"subject_code\": \"CS102\", \"ip\": \"172.18.0.1\"}','172.18.0.1','2026-03-22 03:10:55.931536',1,NULL),
(102,'subject_added','{\"exam_id\": 3, \"subject_id\": 6, \"subject_code\": \"CS103\", \"ip\": \"172.18.0.1\"}','172.18.0.1','2026-03-22 03:10:55.955894',1,NULL),
(103,'student_list_uploaded','{\"exam_id\": 3, \"created_count\": 3, \"skipped_count\": 0, \"ip\": \"172.18.0.1\"}','172.18.0.1','2026-03-22 03:10:56.015168',1,NULL),
(104,'hall_tickets_generated','{\"exam_id\": 3, \"generated_count\": 3, \"skipped_count\": 0, \"ip\": \"172.18.0.1\"}','172.18.0.1','2026-03-22 03:10:56.067155',1,NULL),
(105,'hall_ticket_downloaded','{\"ticket_id\": 7, \"hall_ticket_number\": \"3-19PA1A0501\", \"ip\": \"172.18.0.1\"}','172.18.0.1','2026-03-22 03:10:56.120593',1,NULL),
(106,'bulk_hall_tickets_downloaded','{\"exam_id\": 3, \"exam_name\": \"I Year B.Tech CSE I Semester Regular Examinations January 2026\", \"ticket_count\": 3, \"ip\": \"172.18.0.1\"}','172.18.0.1','2026-03-22 03:10:56.166948',1,NULL),
(107,'login','Successful login from 172.18.0.1','172.18.0.1','2026-03-22 03:10:56.582273',1,'92b2b11fbddd47969046a66d5fc48155'),
(108,'login','Successful login from 172.18.0.1','172.18.0.1','2026-03-22 03:21:07.458795',1,'dfb9179b3dfe4726a028fe2b8a541009'),
(109,'login','Successful login from 172.18.0.1','172.18.0.1','2026-03-22 03:21:29.329673',1,'89c6719e57ff4adb877f59949bb2ee09'),
(110,'login','Successful login from 172.18.0.1','172.18.0.1','2026-03-22 03:21:30.093942',NULL,'96008c50aaea43beb687b5319a525292'),
(111,'login','Successful login from 172.18.0.1','172.18.0.1','2026-03-22 03:21:30.161942',NULL,'d97c78c6d3334a448027549e22eac94d'),
(112,'result_view','Viewed results: 12 records','172.18.0.1','2026-03-22 03:21:30.335888',1,'89c6719e57ff4adb877f59949bb2ee09'),
(113,'result_view','Viewed results: 0 records','172.18.0.1','2026-03-22 03:21:30.363874',NULL,'d97c78c6d3334a448027549e22eac94d'),
(114,'exam_created','{\"exam_id\": 4, \"exam_name\": \"I Year B.Tech CSE I Semester Regular Examinations January 2026\", \"ip\": \"172.18.0.1\"}','172.18.0.1','2026-03-22 03:21:30.381798',1,NULL),
(115,'subject_added','{\"exam_id\": 4, \"subject_id\": 7, \"subject_code\": \"CS101\", \"ip\": \"172.18.0.1\"}','172.18.0.1','2026-03-22 03:21:30.399182',1,NULL),
(116,'subject_added','{\"exam_id\": 4, \"subject_id\": 8, \"subject_code\": \"CS102\", \"ip\": \"172.18.0.1\"}','172.18.0.1','2026-03-22 03:21:30.416278',1,NULL),
(117,'subject_added','{\"exam_id\": 4, \"subject_id\": 9, \"subject_code\": \"CS103\", \"ip\": \"172.18.0.1\"}','172.18.0.1','2026-03-22 03:21:30.432648',1,NULL),
(118,'student_list_uploaded','{\"exam_id\": 4, \"created_count\": 3, \"skipped_count\": 0, \"ip\": \"172.18.0.1\"}','172.18.0.1','2026-03-22 03:21:30.473507',1,NULL),
(119,'hall_tickets_generated','{\"exam_id\": 4, \"generated_count\": 3, \"skipped_count\": 0, \"ip\": \"172.18.0.1\"}','172.18.0.1','2026-03-22 03:21:30.519920',1,NULL),
(120,'hall_ticket_downloaded','{\"ticket_id\": 10, \"hall_ticket_number\": \"4-19PA1A0501\", \"ip\": \"172.18.0.1\"}','172.18.0.1','2026-03-22 03:21:30.578492',1,NULL),
(121,'bulk_hall_tickets_downloaded','{\"exam_id\": 4, \"exam_name\": \"I Year B.Tech CSE I Semester Regular Examinations January 2026\", \"ticket_count\": 3, \"ip\": \"172.18.0.1\"}','172.18.0.1','2026-03-22 03:21:30.628418',1,NULL),
(122,'login','Successful login from 172.18.0.1','172.18.0.1','2026-03-22 03:21:31.661357',1,'aedfb6f79ecc4d53a4600756fa59129f'),
(123,'login','Successful login from 172.18.0.1','172.18.0.1','2026-03-22 03:22:41.103620',1,'de2fd38f31924ffb8be85e8d4cc48c77'),
(124,'login','Successful login from 172.18.0.1','172.18.0.1','2026-03-22 03:27:22.376707',1,'452b58a3be794a749965981dac7d9ebc'),
(125,'login','Successful login from 172.18.0.1','172.18.0.1','2026-03-22 03:27:24.296176',NULL,'7e2a6ef5de114d198ef9b2d5bd0cee92'),
(126,'login','Successful login from 172.18.0.1','172.18.0.1','2026-03-22 03:27:24.431929',NULL,'df2da1782e1f414fb2106a844769f78e'),
(127,'result_upload','Uploaded results: 3 created, 0 updated, Branches: [\'cse\']','172.18.0.1','2026-03-22 03:27:24.606370',1,'452b58a3be794a749965981dac7d9ebc'),
(128,'result_upload','Uploaded results: 1 created, 0 updated, Branches: [\'cse\']','172.18.0.1','2026-03-22 03:27:24.640087',1,'452b58a3be794a749965981dac7d9ebc'),
(129,'result_view','Viewed results: 16 records','172.18.0.1','2026-03-22 03:27:24.673652',1,'452b58a3be794a749965981dac7d9ebc'),
(130,'result_view','Viewed results: 1 records','172.18.0.1','2026-03-22 03:27:24.703714',NULL,'df2da1782e1f414fb2106a844769f78e'),
(131,'exam_created','{\"exam_id\": 5, \"exam_name\": \"I Year B.Tech CSE I Semester Regular Examinations January 2026 150042\", \"ip\": \"172.18.0.1\"}','172.18.0.1','2026-03-22 03:27:24.721679',1,NULL),
(132,'subject_added','{\"exam_id\": 5, \"subject_id\": 10, \"subject_code\": \"CS101\", \"ip\": \"172.18.0.1\"}','172.18.0.1','2026-03-22 03:27:24.737752',1,NULL),
(133,'subject_added','{\"exam_id\": 5, \"subject_id\": 11, \"subject_code\": \"CS102\", \"ip\": \"172.18.0.1\"}','172.18.0.1','2026-03-22 03:27:24.756569',1,NULL),
(134,'subject_added','{\"exam_id\": 5, \"subject_id\": 12, \"subject_code\": \"CS103\", \"ip\": \"172.18.0.1\"}','172.18.0.1','2026-03-22 03:27:24.770444',1,NULL),
(135,'student_list_uploaded','{\"exam_id\": 5, \"created_count\": 3, \"skipped_count\": 0, \"ip\": \"172.18.0.1\"}','172.18.0.1','2026-03-22 03:27:24.812377',1,NULL),
(136,'hall_tickets_generated','{\"exam_id\": 5, \"generated_count\": 3, \"skipped_count\": 0, \"ip\": \"172.18.0.1\"}','172.18.0.1','2026-03-22 03:27:24.847210',1,NULL),
(137,'hall_ticket_downloaded','{\"ticket_id\": 13, \"hall_ticket_number\": \"5-19PA1A150042\", \"ip\": \"172.18.0.1\"}','172.18.0.1','2026-03-22 03:27:24.902992',1,NULL),
(138,'bulk_hall_tickets_downloaded','{\"exam_id\": 5, \"exam_name\": \"I Year B.Tech CSE I Semester Regular Examinations January 2026 150042\", \"ticket_count\": 3, \"ip\": \"172.18.0.1\"}','172.18.0.1','2026-03-22 03:27:24.949859',1,NULL),
(139,'supplementary_hall_tickets_generated','{\"year\": 1, \"semester\": 1, \"total_generated\": 2, \"total_skipped\": 0, \"ip\": \"172.18.0.1\"}','172.18.0.1','2026-03-22 03:27:25.057203',1,NULL),
(140,'photo_uploaded','{\"roll_number\": \"19PA1A150042\", \"ip\": \"172.18.0.1\"}','172.18.0.1','2026-03-22 03:27:25.088647',NULL,NULL),
(141,'login','Successful login from 172.18.0.1','172.18.0.1','2026-03-22 03:27:25.277959',1,'7b1c986853bb467b9f6939da045f2ad1'),
(142,'login','Successful login from 172.18.0.1','172.18.0.1','2026-03-22 03:28:04.507285',1,'baed47d81ea845cfbbab88d454d84085'),
(143,'login','Successful login from 172.18.0.1','172.18.0.1','2026-03-22 03:28:04.698690',NULL,'ef00d48e95bb4ac2aac09b27b451d592'),
(144,'login','Successful login from 172.18.0.1','172.18.0.1','2026-03-22 03:28:04.805513',NULL,'aca16bc2422e469b87df5679e0423220'),
(145,'result_upload','Uploaded results: 3 created, 0 updated, Branches: [\'cse\']','172.18.0.1','2026-03-22 03:28:04.996169',1,'baed47d81ea845cfbbab88d454d84085'),
(146,'result_upload','Uploaded results: 1 created, 0 updated, Branches: [\'cse\']','172.18.0.1','2026-03-22 03:28:05.024206',1,'baed47d81ea845cfbbab88d454d84085'),
(147,'result_view','Viewed results: 20 records','172.18.0.1','2026-03-22 03:28:05.036770',1,'baed47d81ea845cfbbab88d454d84085'),
(148,'result_view','Viewed results: 1 records','172.18.0.1','2026-03-22 03:28:05.072926',NULL,'aca16bc2422e469b87df5679e0423220'),
(149,'exam_created','{\"exam_id\": 8, \"exam_name\": \"I Year B.Tech CSE I Semester Regular Examinations January 2026 150084\", \"ip\": \"172.18.0.1\"}','172.18.0.1','2026-03-22 03:28:05.090776',1,NULL),
(150,'subject_added','{\"exam_id\": 8, \"subject_id\": 13, \"subject_code\": \"CS101\", \"ip\": \"172.18.0.1\"}','172.18.0.1','2026-03-22 03:28:05.108518',1,NULL),
(151,'subject_added','{\"exam_id\": 8, \"subject_id\": 14, \"subject_code\": \"CS102\", \"ip\": \"172.18.0.1\"}','172.18.0.1','2026-03-22 03:28:05.125480',1,NULL),
(152,'subject_added','{\"exam_id\": 8, \"subject_id\": 15, \"subject_code\": \"CS103\", \"ip\": \"172.18.0.1\"}','172.18.0.1','2026-03-22 03:28:05.139786',1,NULL),
(153,'student_list_uploaded','{\"exam_id\": 8, \"created_count\": 3, \"skipped_count\": 0, \"ip\": \"172.18.0.1\"}','172.18.0.1','2026-03-22 03:28:05.192112',1,NULL),
(154,'hall_tickets_generated','{\"exam_id\": 8, \"generated_count\": 3, \"skipped_count\": 0, \"ip\": \"172.18.0.1\"}','172.18.0.1','2026-03-22 03:28:05.233964',1,NULL),
(155,'hall_ticket_downloaded','{\"ticket_id\": 18, \"hall_ticket_number\": \"8-19PA1A150084\", \"ip\": \"172.18.0.1\"}','172.18.0.1','2026-03-22 03:28:05.290754',1,NULL),
(156,'bulk_hall_tickets_downloaded','{\"exam_id\": 8, \"exam_name\": \"I Year B.Tech CSE I Semester Regular Examinations January 2026 150084\", \"ticket_count\": 3, \"ip\": \"172.18.0.1\"}','172.18.0.1','2026-03-22 03:28:05.327661',1,NULL),
(157,'supplementary_hall_tickets_generated','{\"year\": 1, \"semester\": 1, \"total_generated\": 1, \"total_skipped\": 2, \"ip\": \"172.18.0.1\"}','172.18.0.1','2026-03-22 03:28:05.417871',1,NULL),
(158,'photo_uploaded','{\"roll_number\": \"19PA1A150084\", \"ip\": \"172.18.0.1\"}','172.18.0.1','2026-03-22 03:28:05.444342',NULL,NULL),
(159,'login','Successful login from 172.18.0.1','172.18.0.1','2026-03-22 03:28:05.614642',1,'ff0bf1433a1648d3ab3f8b06999644dd'),
(160,'login','Successful login from 10.189.129.238','10.189.129.238','2026-03-22 12:31:09.809759',1,'74a57afaf69247c6b51f447c3a771783'),
(161,'logout','Logout from 10.189.129.238','10.189.129.238','2026-03-22 12:34:57.828483',1,'74a57afaf69247c6b51f447c3a771783'),
(162,'login','Successful login from 172.18.0.1','172.18.0.1','2026-03-22 12:39:36.246429',1,'d7ea06d3b8e241a784f347f5884767ed'),
(163,'login','Successful login from 172.18.0.1','172.18.0.1','2026-03-22 12:39:36.335476',1,'71ea4be14f3c4e5b9731753c2194f0b5'),
(164,'login','Successful login from 172.18.0.1','172.18.0.1','2026-03-22 12:41:21.330200',1,'c42c0b63e6f34175a2ffb973cec00f40'),
(165,'login','Successful login from 172.18.0.1','172.18.0.1','2026-03-22 12:41:21.981317',1,'161d1df99c93476aaf9d607ed3579650'),
(166,'login','Successful login from 172.18.0.1','172.18.0.1','2026-03-22 12:41:22.047124',1,'54a0c2ff8f9442debf93b774d3101104'),
(167,'login','Successful login from 172.18.0.1','172.18.0.1','2026-03-22 12:44:06.090566',1,'c6457f4bfca14539b65d2eac2f62c07f'),
(168,'login','Successful login from 172.18.0.1','172.18.0.1','2026-03-22 12:44:06.164193',1,'deb90034fedd4b45969e51c84b2147a1'),
(169,'login','Successful login from 172.18.0.1','172.18.0.1','2026-03-22 12:44:06.238025',1,'2fbb65a65f55467986206ec5ed580cea'),
(170,'login','Successful login from 172.18.0.1','172.18.0.1','2026-03-22 12:44:25.743703',1,'97a47611841c419e922d06dcb508ba78'),
(171,'login','Successful login from 172.18.0.1','172.18.0.1','2026-03-22 12:44:37.370391',1,'eb067a15586f4aed8e5f7e0bfd1ef198'),
(172,'login','Successful login from 172.18.0.1','172.18.0.1','2026-03-22 12:44:50.461087',1,'a1c6e628fb1c49beb563c0ee37f761e1'),
(173,'login','Successful login from 172.18.0.1','172.18.0.1','2026-03-22 12:44:50.516427',NULL,'1c9c4efa17164bc5846c94bef09cb43c'),
(174,'login','Successful login from 172.18.0.1','172.18.0.1','2026-03-22 12:45:31.600499',1,'676ce1e1a1274a3a83855ba8f4be661a'),
(175,'user_registration','Student registered: TEST001','172.18.0.1','2026-03-22 12:54:15.686547',NULL,NULL),
(176,'user_registration','Student registered: TESTREGDEL','172.18.0.1','2026-03-22 12:55:09.925573',NULL,NULL),
(177,'login','Successful login from 172.18.0.1','172.18.0.1','2026-03-22 12:55:35.024514',1,'7b97bea485c741c2bcf0fe54cd434bee'),
(178,'result_view','Viewed results: 20 records','172.18.0.1','2026-03-22 12:55:35.044349',1,'7b97bea485c741c2bcf0fe54cd434bee'),
(179,'user_registration','Student registered: 21PA1A150042','172.18.0.1','2026-03-22 12:55:35.123596',NULL,NULL),
(180,'user_registration','Student registered: NEWSTU001','172.18.0.1','2026-03-22 12:59:57.796662',NULL,NULL),
(181,'user_registration','Student registered: NEWSTU_A1','172.18.0.1','2026-03-22 13:02:08.601614',NULL,NULL),
(182,'user_registration','Student registered: FINSTU_A1','172.18.0.1','2026-03-22 13:04:21.102910',NULL,NULL),
(183,'login','Successful login from 10.189.129.238','10.189.129.238','2026-03-22 13:52:50.849188',1,'f0bb7a8f97184d1d97257c50a2f4ebe3'),
(184,'login','Successful login from 10.189.129.238','10.189.129.238','2026-03-22 13:53:11.089222',1,'7cb47a5001424ec49b732f4faa891144'),
(185,'logout','Logout from 10.189.129.238','10.189.129.238','2026-03-22 13:53:29.074956',1,'7cb47a5001424ec49b732f4faa891144'),
(186,'login','Successful login from 10.189.129.238','10.189.129.238','2026-03-22 13:53:39.904866',2,'c0c1d048a4b04d2b9640e480a13e5a3e'),
(187,'consolidated_result_view','Viewed consolidated results: 1 year/semester groups','10.189.129.238','2026-03-22 13:53:40.681897',2,'c0c1d048a4b04d2b9640e480a13e5a3e'),
(188,'logout','Logout from 10.189.129.238','10.189.129.238','2026-03-22 13:53:50.185052',2,'c0c1d048a4b04d2b9640e480a13e5a3e'),
(189,'login','Successful login from 10.189.129.238','10.189.129.238','2026-03-22 13:54:01.045271',1,'85e39a4e3add42f59b98e58b36d907cf'),
(190,'exam_deleted','{\"exam_id\": 7, \"exam_name\": \"I Year CSE B.Tech I Semester Supplementary Examinations\", \"ip\": \"172.18.0.5\"}','172.18.0.5','2026-03-22 13:56:17.506606',1,NULL),
(191,'supplementary_hall_tickets_generated','{\"year\": 1, \"semester\": 1, \"total_generated\": 2, \"total_skipped\": 1, \"ip\": \"172.18.0.5\"}','172.18.0.5','2026-03-22 13:56:33.835744',1,NULL),
(192,'hall_tickets_generated','{\"exam_id\": 9, \"generated_count\": 0, \"skipped_count\": 2, \"ip\": \"172.18.0.5\"}','172.18.0.5','2026-03-22 13:56:41.975050',1,NULL),
(193,'bulk_hall_tickets_downloaded','{\"exam_id\": 9, \"exam_name\": \"I Year CSE B.Tech I Semester Supplementary Examinations\", \"ticket_count\": 2, \"ip\": \"172.18.0.5\"}','172.18.0.5','2026-03-22 13:56:42.125704',1,NULL),
(194,'exam_deleted','{\"exam_id\": 9, \"exam_name\": \"I Year CSE B.Tech I Semester Supplementary Examinations\", \"ip\": \"172.18.0.5\"}','172.18.0.5','2026-03-22 13:57:09.886881',1,NULL),
(195,'exam_deleted','{\"exam_id\": 8, \"exam_name\": \"I Year B.Tech CSE I Semester Regular Examinations January 2026 150084\", \"ip\": \"172.18.0.5\"}','172.18.0.5','2026-03-22 13:58:35.298182',1,NULL),
(196,'exam_deleted','{\"exam_id\": 6, \"exam_name\": \"I Year EEE B.Tech I Semester Supplementary Examinations\", \"ip\": \"172.18.0.5\"}','172.18.0.5','2026-03-22 13:58:39.803036',1,NULL),
(197,'exam_deleted','{\"exam_id\": 5, \"exam_name\": \"I Year B.Tech CSE I Semester Regular Examinations January 2026 150042\", \"ip\": \"172.18.0.5\"}','172.18.0.5','2026-03-22 13:58:43.278086',1,NULL),
(198,'login','Successful login from 172.18.0.1','172.18.0.1','2026-03-22 15:17:21.225162',1,'89cb6577e49e4709a1b881c463476c57'),
(199,'login','Successful login from 172.18.0.1','172.18.0.1','2026-03-22 15:17:30.178179',1,'5057fe4b86004d608a3d07f2ef887546'),
(200,'login','Successful login from 172.18.0.1','172.18.0.1','2026-03-22 15:17:43.275734',1,'01dc49e4313b46799957b2c700d391af'),
(201,'supplementary_hall_tickets_generated','{\"year\": 1, \"semester\": 1, \"total_generated\": 3, \"total_skipped\": 0, \"ip\": \"172.18.0.1\"}','172.18.0.1','2026-03-22 15:17:43.340907',1,NULL),
(202,'login','Successful login from 172.18.0.1','172.18.0.1','2026-03-22 15:19:08.417030',1,'410a9233f1a4412f9527be4b016bfb64'),
(203,'login','Successful login from 172.18.0.1','172.18.0.1','2026-03-22 15:19:19.588890',1,'ea3521c8649c483f8d4d0d2c9c760d65'),
(204,'supplementary_hall_tickets_generated','{\"year\": 1, \"semester\": 1, \"total_generated\": 4, \"total_skipped\": 2, \"ip\": \"172.18.0.1\"}','172.18.0.1','2026-03-22 15:19:19.662066',1,NULL),
(205,'login','Successful login from 172.18.0.1','172.18.0.1','2026-03-22 15:19:42.073253',1,'bfeda39edfae467fa416d01839d91631'),
(206,'login','Successful login from 172.18.0.1','172.18.0.1','2026-03-22 15:19:52.136363',1,'7460e07c009945548efd0ff7fd607657'),
(207,'login','Successful login from 172.18.0.1','172.18.0.1','2026-03-22 15:20:02.932422',1,'7a7f3a7aa59340d5b77c99e8296a2420'),
(208,'hall_ticket_downloaded','{\"ticket_id\": 25, \"hall_ticket_number\": \"11-21PA1A150042\", \"ip\": \"172.18.0.1\"}','172.18.0.1','2026-03-22 15:20:02.969607',1,NULL),
(209,'login','Successful login from 172.18.0.1','172.18.0.1','2026-03-22 15:20:42.752299',1,'8b8df2dd584843fdac65c391ee162750'),
(210,'bulk_hall_tickets_downloaded','{\"exam_id\": 11, \"exam_name\": \"I Year CSE B.Tech I Semester Supplementary Examinations\", \"ticket_count\": 5, \"ip\": \"172.18.0.1\"}','172.18.0.1','2026-03-22 15:20:42.802305',1,NULL),
(211,'login','Successful login from 172.18.0.1','172.18.0.1','2026-03-22 15:23:46.363719',1,'64045283834a4e3aa0a7d6ea9331f676'),
(212,'login','Successful login from 10.189.136.220','10.189.136.220','2026-03-23 01:04:39.040918',1,'f47978422b88473e8dea2db4ca68c11b'),
(213,'supplementary_hall_tickets_generated','{\"year\": 1, \"semester\": 1, \"total_generated\": 0, \"total_skipped\": 6, \"ip\": \"172.18.0.5\"}','172.18.0.5','2026-03-23 01:05:10.165427',1,NULL),
(214,'hall_tickets_generated','{\"exam_id\": 11, \"generated_count\": 0, \"skipped_count\": 5, \"ip\": \"172.18.0.5\"}','172.18.0.5','2026-03-23 01:05:16.179031',1,NULL),
(215,'bulk_hall_tickets_downloaded','{\"exam_id\": 11, \"exam_name\": \"I Year CSE B.Tech I Semester Supplementary Examinations\", \"ticket_count\": 5, \"ip\": \"172.18.0.5\"}','172.18.0.5','2026-03-23 01:05:16.367847',1,NULL),
(216,'exam_deleted','{\"exam_id\": 11, \"exam_name\": \"I Year CSE B.Tech I Semester Supplementary Examinations\", \"ip\": \"172.18.0.5\"}','172.18.0.5','2026-03-23 01:08:56.446885',1,NULL),
(217,'exam_deleted','{\"exam_id\": 10, \"exam_name\": \"I Year EEE B.Tech I Semester Supplementary Examinations\", \"ip\": \"172.18.0.5\"}','172.18.0.5','2026-03-23 01:08:59.718934',1,NULL),
(218,'hall_tickets_generated','{\"exam_id\": 4, \"generated_count\": 0, \"skipped_count\": 3, \"ip\": \"172.18.0.5\"}','172.18.0.5','2026-03-23 01:09:18.973960',1,NULL),
(219,'bulk_hall_tickets_downloaded','{\"exam_id\": 4, \"exam_name\": \"I Year B.Tech CSE I Semester Regular Examinations January 2026\", \"ticket_count\": 3, \"ip\": \"172.18.0.5\"}','172.18.0.5','2026-03-23 01:09:19.128056',1,NULL),
(220,'exam_deleted','{\"exam_id\": 4, \"exam_name\": \"I Year B.Tech CSE I Semester Regular Examinations January 2026\", \"ip\": \"172.18.0.5\"}','172.18.0.5','2026-03-23 01:12:16.458139',1,NULL),
(221,'exam_deleted','{\"exam_id\": 3, \"exam_name\": \"I Year B.Tech CSE I Semester Regular Examinations January 2026\", \"ip\": \"172.18.0.5\"}','172.18.0.5','2026-03-23 01:12:19.695439',1,NULL),
(222,'exam_deleted','{\"exam_id\": 2, \"exam_name\": \"I Year B.Tech CSE I Semester Regular Examinations January 2026\", \"ip\": \"172.18.0.5\"}','172.18.0.5','2026-03-23 01:12:22.576473',1,NULL),
(223,'exam_deleted','{\"exam_id\": 1, \"exam_name\": \"I Year B.Tech I Semester Regular Examinations January 2026\", \"ip\": \"172.18.0.5\"}','172.18.0.5','2026-03-23 01:12:25.633559',1,NULL),
(224,'login','Successful login from 172.18.0.1','172.18.0.1','2026-03-23 01:33:31.904561',1,'c9abac64b54d431aa7368c88412a59e0'),
(225,'login','Successful login from 172.20.0.1','172.20.0.1','2026-04-01 15:56:26.363341',1,'e68e58fdf22f42d79d4d042993e14b86'),
(226,'login','Successful login from 172.20.0.1','172.20.0.1','2026-04-01 15:56:38.098787',1,'399da4f799ae43e1a1ee344a612cd9a4'),
(227,'login','Successful login from 172.20.0.1','172.20.0.1','2026-04-01 15:56:51.794931',1,'50f253fa90404ca0836f2f10aa8f2d4b'),
(228,'login','Successful login from 172.20.0.1','172.20.0.1','2026-04-01 15:58:33.784826',1,'2bee0f73c274488daa97d1e477cbe30a'),
(229,'login','Successful login from 172.20.0.1','172.20.0.1','2026-04-01 15:58:46.414252',1,'4feb511ec14c4d8b8873de7e6876ec89'),
(230,'login','Successful login from 172.20.0.1','172.20.0.1','2026-04-01 15:58:58.931307',1,'05450209f3064afc89e9dfc19826fa3a'),
(231,'login','Successful login from 172.20.0.1','172.20.0.1','2026-04-01 16:00:27.604885',1,'bca74b4b3a3444fb8a99c05098f5b6af'),
(232,'login','Successful login from 172.20.0.1','172.20.0.1','2026-04-01 16:00:59.415272',1,'3eada23efbc341e6ba5de7addf5773a7'),
(233,'login','Successful login from 172.20.0.1','172.20.0.1','2026-04-01 16:01:29.567489',1,'8ff251c7efbc490e913c2989e9403d18'),
(234,'login','Successful login from 172.20.0.1','172.20.0.1','2026-04-01 16:02:24.248774',1,'6c9292ca367d4a318b3c8a2a0412ae3b'),
(235,'login','Successful login from 172.20.0.1','172.20.0.1','2026-04-01 16:02:51.192297',1,'7cb8560cdb0244feb0f240089b98281f'),
(236,'login','Successful login from 172.20.0.1','172.20.0.1','2026-04-01 16:02:51.287640',1,'1663173063b14510ba258afda6a8b458'),
(237,'login','Successful login from 10.189.163.30','10.189.163.30','2026-04-01 16:22:45.684947',1,'c44d3a70ebdd4e5bbc25eea8217b0498'),
(238,'login','Successful login from 10.189.130.116','10.189.130.116','2026-04-02 02:03:45.520703',1,'718aab26970b44bbad9868b3853b35d9'),
(239,'login','Successful login from 172.20.0.1','172.20.0.1','2026-04-09 01:37:40.013967',1,'2001d832d82b4def93bc0f58382c9485'),
(240,'login','Successful login from 172.20.0.1','172.20.0.1','2026-04-09 06:00:04.120949',1,'3b9f736205c44f9883b74c51c22c34e5'),
(241,'login','Successful login from 172.20.0.1','172.20.0.1','2026-04-09 06:16:51.734349',1,'188243cc2f2344b6a9160510fc329e38'),
(242,'login','Successful login from 172.20.0.1','172.20.0.1','2026-04-09 06:17:16.562757',1,'93adbe52cf644dfe886501a4a067639b'),
(243,'login','Successful login from 172.20.0.1','172.20.0.1','2026-04-09 06:30:39.172079',1,'0c750cb5eaa549e89820f9154be73d97'),
(244,'login','Successful login from 172.20.0.1','172.20.0.1','2026-04-09 07:18:33.950865',1,'606cd000e16f4181ba54e81cb0388b2f'),
(245,'login','Successful login from 172.20.0.1','172.20.0.1','2026-04-09 07:29:21.483028',1,'27d7aabfa3a049758111fc1465318180'),
(246,'login','Successful login from 172.20.0.1','172.20.0.1','2026-04-09 09:31:38.217795',1,'6312f2928dfe4c51a76a38e84e7fdadc'),
(247,'login','Successful login from 172.20.0.1','172.20.0.1','2026-04-09 10:43:20.479237',1,'002e697e08f14e78881312e60f903ab9'),
(248,'login','Successful login from 10.189.130.223','10.189.130.223','2026-04-09 10:59:30.432479',1,'8b6fbee84de94dc490cc6d4fab40fab6'),
(249,'login','Successful login from 172.20.0.1','172.20.0.1','2026-04-09 11:23:21.429870',1,'46fc1a000f524236a7c8e2e1ecf5073c'),
(250,'login','Successful login from 172.20.0.1','172.20.0.1','2026-04-09 11:46:20.563762',1,'8c52f636bae64c9d80861da9d70ccb13');
/*!40000 ALTER TABLE `audit_logs` ENABLE KEYS */;
UNLOCK TABLES;

--
-- Table structure for table `auth_group`
--

DROP TABLE IF EXISTS `auth_group`;
/*!40101 SET @saved_cs_client     = @@character_set_client */;
/*!40101 SET character_set_client = utf8mb4 */;
CREATE TABLE `auth_group` (
  `id` int(11) NOT NULL AUTO_INCREMENT,
  `name` varchar(150) NOT NULL,
  PRIMARY KEY (`id`),
  UNIQUE KEY `name` (`name`)
) ENGINE=InnoDB DEFAULT CHARSET=utf8mb4 COLLATE=utf8mb4_general_ci;
/*!40101 SET character_set_client = @saved_cs_client */;

--
-- Dumping data for table `auth_group`
--

LOCK TABLES `auth_group` WRITE;
/*!40000 ALTER TABLE `auth_group` DISABLE KEYS */;
/*!40000 ALTER TABLE `auth_group` ENABLE KEYS */;
UNLOCK TABLES;

--
-- Table structure for table `auth_group_permissions`
--

DROP TABLE IF EXISTS `auth_group_permissions`;
/*!40101 SET @saved_cs_client     = @@character_set_client */;
/*!40101 SET character_set_client = utf8mb4 */;
CREATE TABLE `auth_group_permissions` (
  `id` bigint(20) NOT NULL AUTO_INCREMENT,
  `group_id` int(11) NOT NULL,
  `permission_id` int(11) NOT NULL,
  PRIMARY KEY (`id`),
  UNIQUE KEY `auth_group_permissions_group_id_permission_id_0cd325b0_uniq` (`group_id`,`permission_id`),
  KEY `auth_group_permissio_permission_id_84c5c92e_fk_auth_perm` (`permission_id`),
  CONSTRAINT `auth_group_permissio_permission_id_84c5c92e_fk_auth_perm` FOREIGN KEY (`permission_id`) REFERENCES `auth_permission` (`id`),
  CONSTRAINT `auth_group_permissions_group_id_b120cbf9_fk_auth_group_id` FOREIGN KEY (`group_id`) REFERENCES `auth_group` (`id`)
) ENGINE=InnoDB DEFAULT CHARSET=utf8mb4 COLLATE=utf8mb4_general_ci;
/*!40101 SET character_set_client = @saved_cs_client */;

--
-- Dumping data for table `auth_group_permissions`
--

LOCK TABLES `auth_group_permissions` WRITE;
/*!40000 ALTER TABLE `auth_group_permissions` DISABLE KEYS */;
/*!40000 ALTER TABLE `auth_group_permissions` ENABLE KEYS */;
UNLOCK TABLES;

--
-- Table structure for table `auth_permission`
--

DROP TABLE IF EXISTS `auth_permission`;
/*!40101 SET @saved_cs_client     = @@character_set_client */;
/*!40101 SET character_set_client = utf8mb4 */;
CREATE TABLE `auth_permission` (
  `id` int(11) NOT NULL AUTO_INCREMENT,
  `name` varchar(255) NOT NULL,
  `content_type_id` int(11) NOT NULL,
  `codename` varchar(100) NOT NULL,
  PRIMARY KEY (`id`),
  UNIQUE KEY `auth_permission_content_type_id_codename_01ab375a_uniq` (`content_type_id`,`codename`),
  CONSTRAINT `auth_permission_content_type_id_2f476e4b_fk_django_co` FOREIGN KEY (`content_type_id`) REFERENCES `django_content_type` (`id`)
) ENGINE=InnoDB AUTO_INCREMENT=81 DEFAULT CHARSET=utf8mb4 COLLATE=utf8mb4_general_ci;
/*!40101 SET character_set_client = @saved_cs_client */;

--
-- Dumping data for table `auth_permission`
--

LOCK TABLES `auth_permission` WRITE;
/*!40000 ALTER TABLE `auth_permission` DISABLE KEYS */;
INSERT INTO `auth_permission` VALUES
(1,'Can add log entry',1,'add_logentry'),
(2,'Can change log entry',1,'change_logentry'),
(3,'Can delete log entry',1,'delete_logentry'),
(4,'Can view log entry',1,'view_logentry'),
(5,'Can add permission',2,'add_permission'),
(6,'Can change permission',2,'change_permission'),
(7,'Can delete permission',2,'delete_permission'),
(8,'Can view permission',2,'view_permission'),
(9,'Can add group',3,'add_group'),
(10,'Can change group',3,'change_group'),
(11,'Can delete group',3,'delete_group'),
(12,'Can view group',3,'view_group'),
(13,'Can add content type',4,'add_contenttype'),
(14,'Can change content type',4,'change_contenttype'),
(15,'Can delete content type',4,'delete_contenttype'),
(16,'Can view content type',4,'view_contenttype'),
(17,'Can add session',5,'add_session'),
(18,'Can change session',5,'change_session'),
(19,'Can delete session',5,'delete_session'),
(20,'Can view session',5,'view_session'),
(21,'Can add blacklisted token',6,'add_blacklistedtoken'),
(22,'Can change blacklisted token',6,'change_blacklistedtoken'),
(23,'Can delete blacklisted token',6,'delete_blacklistedtoken'),
(24,'Can view blacklisted token',6,'view_blacklistedtoken'),
(25,'Can add outstanding token',7,'add_outstandingtoken'),
(26,'Can change outstanding token',7,'change_outstandingtoken'),
(27,'Can delete outstanding token',7,'delete_outstandingtoken'),
(28,'Can view outstanding token',7,'view_outstandingtoken'),
(29,'Can add user',8,'add_user'),
(30,'Can change user',8,'change_user'),
(31,'Can delete user',8,'delete_user'),
(32,'Can view user',8,'view_user'),
(33,'Can add result',9,'add_result'),
(34,'Can change result',9,'change_result'),
(35,'Can delete result',9,'delete_result'),
(36,'Can view result',9,'view_result'),
(37,'Can add notification',10,'add_notification'),
(38,'Can change notification',10,'change_notification'),
(39,'Can delete notification',10,'delete_notification'),
(40,'Can view notification',10,'view_notification'),
(41,'Can add login attempt',11,'add_loginattempt'),
(42,'Can change login attempt',11,'change_loginattempt'),
(43,'Can delete login attempt',11,'delete_loginattempt'),
(44,'Can view login attempt',11,'view_loginattempt'),
(45,'Can add audit log',12,'add_auditlog'),
(46,'Can change audit log',12,'change_auditlog'),
(47,'Can delete audit log',12,'delete_auditlog'),
(48,'Can view audit log',12,'view_auditlog'),
(49,'Can add subject',13,'add_subject'),
(50,'Can change subject',13,'change_subject'),
(51,'Can delete subject',13,'delete_subject'),
(52,'Can view subject',13,'view_subject'),
(53,'Can add blacklisted token',14,'add_blacklistedtoken'),
(54,'Can change blacklisted token',14,'change_blacklistedtoken'),
(55,'Can delete blacklisted token',14,'delete_blacklistedtoken'),
(56,'Can view blacklisted token',14,'view_blacklistedtoken'),
(57,'Can add exam',15,'add_exam'),
(58,'Can change exam',15,'change_exam'),
(59,'Can delete exam',15,'delete_exam'),
(60,'Can view exam',15,'view_exam'),
(61,'Can add exam enrollment',16,'add_examenrollment'),
(62,'Can change exam enrollment',16,'change_examenrollment'),
(63,'Can delete exam enrollment',16,'delete_examenrollment'),
(64,'Can view exam enrollment',16,'view_examenrollment'),
(65,'Can add student photo',17,'add_studentphoto'),
(66,'Can change student photo',17,'change_studentphoto'),
(67,'Can delete student photo',17,'delete_studentphoto'),
(68,'Can view student photo',17,'view_studentphoto'),
(69,'Can add circular',18,'add_circular'),
(70,'Can change circular',18,'change_circular'),
(71,'Can delete circular',18,'delete_circular'),
(72,'Can view circular',18,'view_circular'),
(73,'Can add hall ticket',19,'add_hallticket'),
(74,'Can change hall ticket',19,'change_hallticket'),
(75,'Can delete hall ticket',19,'delete_hallticket'),
(76,'Can view hall ticket',19,'view_hallticket'),
(77,'Can add exam subject',20,'add_examsubject'),
(78,'Can change exam subject',20,'change_examsubject'),
(79,'Can delete exam subject',20,'delete_examsubject'),
(80,'Can view exam subject',20,'view_examsubject');
/*!40000 ALTER TABLE `auth_permission` ENABLE KEYS */;
UNLOCK TABLES;

--
-- Table structure for table `blacklisted_tokens`
--

DROP TABLE IF EXISTS `blacklisted_tokens`;
/*!40101 SET @saved_cs_client     = @@character_set_client */;
/*!40101 SET character_set_client = utf8mb4 */;
CREATE TABLE `blacklisted_tokens` (
  `id` bigint(20) NOT NULL AUTO_INCREMENT,
  `token` longtext NOT NULL,
  `blacklisted_at` datetime(6) NOT NULL,
  `user_id` bigint(20) NOT NULL,
  PRIMARY KEY (`id`),
  UNIQUE KEY `token` (`token`) USING HASH,
  KEY `blacklisted_tokens_user_id_ed5237da_fk_users_id` (`user_id`),
  KEY `blacklisted_token_d070ae_idx` (`token`(768)),
  KEY `blacklisted_blackli_bd04a9_idx` (`blacklisted_at`),
  CONSTRAINT `blacklisted_tokens_user_id_ed5237da_fk_users_id` FOREIGN KEY (`user_id`) REFERENCES `users` (`id`)
) ENGINE=InnoDB AUTO_INCREMENT=7 DEFAULT CHARSET=utf8mb4 COLLATE=utf8mb4_general_ci;
/*!40101 SET character_set_client = @saved_cs_client */;

--
-- Dumping data for table `blacklisted_tokens`
--

LOCK TABLES `blacklisted_tokens` WRITE;
/*!40000 ALTER TABLE `blacklisted_tokens` DISABLE KEYS */;
INSERT INTO `blacklisted_tokens` VALUES
(1,'eyJhbGciOiJIUzI1NiIsInR5cCI6IkpXVCJ9.eyJ0b2tlbl90eXBlIjoicmVmcmVzaCIsImV4cCI6MTc3NDI2OTA2OSwiaWF0IjoxNzc0MTgyNjY5LCJqdGkiOiI5Y2NiNWVkYWNjMDg0ZTk3OTcxNzMwZDI4MGE4MWQxYyIsInVzZXJfaWQiOjEsInNlc3Npb25faWQiOiI3NGE1N2FmYWY2OTI0N2M2YjUxZjQ0N2MzYTc3MTc4MyJ9.KSCSOxyu-JIsghN9vEhntU3jE3VTHTHEf5pxNRPrVms','2026-03-22 12:34:57.812501',1),
(2,'eyJhbGciOiJIUzI1NiIsInR5cCI6IkpXVCJ9.eyJ0b2tlbl90eXBlIjoiYWNjZXNzIiwiZXhwIjoxNzc0MTg2MjY5LCJpYXQiOjE3NzQxODI2NjksImp0aSI6ImUxNTY2ZDQyOTRiMjQ1OWY4MWMxMjRmMGQ5ZGY0ZDEyIiwidXNlcl9pZCI6MSwic2Vzc2lvbl9pZCI6Ijc0YTU3YWZhZjY5MjQ3YzZiNTFmNDQ3YzNhNzcxNzgzIn0.zF8sQdPpJwy9nuqTpSOBlAsEVUvxeZwpHHT2f45crY0','2026-03-22 12:34:57.818074',1),
(3,'eyJhbGciOiJIUzI1NiIsInR5cCI6IkpXVCJ9.eyJ0b2tlbl90eXBlIjoicmVmcmVzaCIsImV4cCI6MTc3NDI3Mzk5MSwiaWF0IjoxNzc0MTg3NTkxLCJqdGkiOiI3OGVmZTc5NjFjNGE0NTZkOGUyYTk0MzczNzE0MDJlMiIsInVzZXJfaWQiOjEsInNlc3Npb25faWQiOiI3Y2I0N2E1MDAxNDI0ZWM0OWI3MzJmNGZhYTg5MTE0NCJ9.iFqmz4WMXQAX13w2TFie2KXjaOjwe0EsVVPbaVXenCM','2026-03-22 13:53:29.060554',1),
(4,'eyJhbGciOiJIUzI1NiIsInR5cCI6IkpXVCJ9.eyJ0b2tlbl90eXBlIjoiYWNjZXNzIiwiZXhwIjoxNzc0MTkxMTkxLCJpYXQiOjE3NzQxODc1OTEsImp0aSI6IjBhMzQ2ZmQzOGIyNDRhOGQ5ODIwMTAzYWZmY2ViMWRmIiwidXNlcl9pZCI6MSwic2Vzc2lvbl9pZCI6IjdjYjQ3YTUwMDE0MjRlYzQ5YjczMmY0ZmFhODkxMTQ0In0.MT1A2iBMXORxjX9Ngvg1AbmpwzA6cBzs0fpRd6MIYCg','2026-03-22 13:53:29.064108',1),
(5,'eyJhbGciOiJIUzI1NiIsInR5cCI6IkpXVCJ9.eyJ0b2tlbl90eXBlIjoicmVmcmVzaCIsImV4cCI6MTc3NDI3NDAxOSwiaWF0IjoxNzc0MTg3NjE5LCJqdGkiOiI1YmJiNjBiMDQ4MjM0MzQyYjNjOWNiMDZmNWJmZWFjYyIsInVzZXJfaWQiOjIsInNlc3Npb25faWQiOiJjMGMxZDA0OGE0YjA0ZDJiOTY0MGU0ODBhMTNlNWEzZSJ9.rY6ARsgHIp4ah8o7aLLnP3iOQBevzsELChclhDTIXJs','2026-03-22 13:53:50.172009',2),
(6,'eyJhbGciOiJIUzI1NiIsInR5cCI6IkpXVCJ9.eyJ0b2tlbl90eXBlIjoiYWNjZXNzIiwiZXhwIjoxNzc0MTkxMjE5LCJpYXQiOjE3NzQxODc2MTksImp0aSI6ImZmMDFiYmVkNTZlOTQyZDA4NzJlZTk2YzJlOWM5M2ZjIiwidXNlcl9pZCI6Miwic2Vzc2lvbl9pZCI6ImMwYzFkMDQ4YTRiMDRkMmI5NjQwZTQ4MGExM2U1YTNlIn0.MPy9cvVOKsFBAWV8wzGAiTGo2sQO79xl3SGT8PNQYu0','2026-03-22 13:53:50.175673',2);
/*!40000 ALTER TABLE `blacklisted_tokens` ENABLE KEYS */;
UNLOCK TABLES;

--
-- Table structure for table `circulars`
--

DROP TABLE IF EXISTS `circulars`;
/*!40101 SET @saved_cs_client     = @@character_set_client */;
/*!40101 SET character_set_client = utf8mb4 */;
CREATE TABLE `circulars` (
  `id` bigint(20) NOT NULL AUTO_INCREMENT,
  `title` varchar(300) NOT NULL,
  `category` varchar(50) NOT NULL,
  `description` longtext NOT NULL,
  `attachment` varchar(100) DEFAULT NULL,
  `attachment_name` varchar(255) NOT NULL,
  `is_active` tinyint(1) NOT NULL,
  `target_year` int(11) DEFAULT NULL,
  `target_branch` varchar(50) DEFAULT NULL,
  `created_at` datetime(6) NOT NULL,
  `updated_at` datetime(6) NOT NULL,
  `created_by_id` bigint(20) DEFAULT NULL,
  `target_audience` varchar(20) NOT NULL,
  PRIMARY KEY (`id`),
  KEY `circulars_created_3f7483_idx` (`created_at` DESC,`is_active`),
  KEY `circulars_categor_25fad8_idx` (`category`,`is_active`),
  KEY `circulars_created_by_id_aeb43ac6_fk_users_id` (`created_by_id`),
  CONSTRAINT `circulars_created_by_id_aeb43ac6_fk_users_id` FOREIGN KEY (`created_by_id`) REFERENCES `users` (`id`)
) ENGINE=InnoDB AUTO_INCREMENT=5 DEFAULT CHARSET=utf8mb4 COLLATE=utf8mb4_general_ci;
/*!40101 SET character_set_client = @saved_cs_client */;

--
-- Dumping data for table `circulars`
--

LOCK TABLES `circulars` WRITE;
/*!40000 ALTER TABLE `circulars` DISABLE KEYS */;
INSERT INTO `circulars` VALUES
(1,'Holidays','general','holidays','circulars/2026/03/I_Year_B.Tech_I_Semester_Regular_Examinations_January_2026_Halltickets-1.pdf','I_Year_B.Tech_I_Semester_Regular_Examinations_January_2026_Halltickets-1.pdf',1,NULL,NULL,'2026-03-21 06:18:07.912951','2026-03-21 06:18:07.915090',1,'all'),
(4,'hi','general','hello','circulars/2026/03/I_Year_B.Tech_I_Semester_Regular_Examinations_January_2026_Halltickets_5AYQxvF.pdf','I_Year_B.Tech_I_Semester_Regular_Examinations_January_2026_Halltickets (2).pdf',1,NULL,NULL,'2026-03-21 07:34:27.636804','2026-03-21 07:34:27.650416',1,'staff');
/*!40000 ALTER TABLE `circulars` ENABLE KEYS */;
UNLOCK TABLES;

--
-- Table structure for table `django_admin_log`
--

DROP TABLE IF EXISTS `django_admin_log`;
/*!40101 SET @saved_cs_client     = @@character_set_client */;
/*!40101 SET character_set_client = utf8mb4 */;
CREATE TABLE `django_admin_log` (
  `id` int(11) NOT NULL AUTO_INCREMENT,
  `action_time` datetime(6) NOT NULL,
  `object_id` longtext DEFAULT NULL,
  `object_repr` varchar(200) NOT NULL,
  `action_flag` smallint(5) unsigned NOT NULL CHECK (`action_flag` >= 0),
  `change_message` longtext NOT NULL,
  `content_type_id` int(11) DEFAULT NULL,
  `user_id` bigint(20) NOT NULL,
  PRIMARY KEY (`id`),
  KEY `django_admin_log_content_type_id_c4bce8eb_fk_django_co` (`content_type_id`),
  KEY `django_admin_log_user_id_c564eba6_fk_users_id` (`user_id`),
  CONSTRAINT `django_admin_log_content_type_id_c4bce8eb_fk_django_co` FOREIGN KEY (`content_type_id`) REFERENCES `django_content_type` (`id`),
  CONSTRAINT `django_admin_log_user_id_c564eba6_fk_users_id` FOREIGN KEY (`user_id`) REFERENCES `users` (`id`)
) ENGINE=InnoDB DEFAULT CHARSET=utf8mb4 COLLATE=utf8mb4_general_ci;
/*!40101 SET character_set_client = @saved_cs_client */;

--
-- Dumping data for table `django_admin_log`
--

LOCK TABLES `django_admin_log` WRITE;
/*!40000 ALTER TABLE `django_admin_log` DISABLE KEYS */;
/*!40000 ALTER TABLE `django_admin_log` ENABLE KEYS */;
UNLOCK TABLES;

--
-- Table structure for table `django_content_type`
--

DROP TABLE IF EXISTS `django_content_type`;
/*!40101 SET @saved_cs_client     = @@character_set_client */;
/*!40101 SET character_set_client = utf8mb4 */;
CREATE TABLE `django_content_type` (
  `id` int(11) NOT NULL AUTO_INCREMENT,
  `app_label` varchar(100) NOT NULL,
  `model` varchar(100) NOT NULL,
  PRIMARY KEY (`id`),
  UNIQUE KEY `django_content_type_app_label_model_76bd3d3b_uniq` (`app_label`,`model`)
) ENGINE=InnoDB AUTO_INCREMENT=21 DEFAULT CHARSET=utf8mb4 COLLATE=utf8mb4_general_ci;
/*!40101 SET character_set_client = @saved_cs_client */;

--
-- Dumping data for table `django_content_type`
--

LOCK TABLES `django_content_type` WRITE;
/*!40000 ALTER TABLE `django_content_type` DISABLE KEYS */;
INSERT INTO `django_content_type` VALUES
(1,'admin','logentry'),
(3,'auth','group'),
(2,'auth','permission'),
(4,'contenttypes','contenttype'),
(12,'results','auditlog'),
(14,'results','blacklistedtoken'),
(18,'results','circular'),
(15,'results','exam'),
(16,'results','examenrollment'),
(20,'results','examsubject'),
(19,'results','hallticket'),
(11,'results','loginattempt'),
(10,'results','notification'),
(9,'results','result'),
(17,'results','studentphoto'),
(13,'results','subject'),
(8,'results','user'),
(5,'sessions','session'),
(6,'token_blacklist','blacklistedtoken'),
(7,'token_blacklist','outstandingtoken');
/*!40000 ALTER TABLE `django_content_type` ENABLE KEYS */;
UNLOCK TABLES;

--
-- Table structure for table `django_migrations`
--

DROP TABLE IF EXISTS `django_migrations`;
/*!40101 SET @saved_cs_client     = @@character_set_client */;
/*!40101 SET character_set_client = utf8mb4 */;
CREATE TABLE `django_migrations` (
  `id` bigint(20) NOT NULL AUTO_INCREMENT,
  `app` varchar(255) NOT NULL,
  `name` varchar(255) NOT NULL,
  `applied` datetime(6) NOT NULL,
  PRIMARY KEY (`id`)
) ENGINE=InnoDB AUTO_INCREMENT=52 DEFAULT CHARSET=utf8mb4 COLLATE=utf8mb4_general_ci;
/*!40101 SET character_set_client = @saved_cs_client */;

--
-- Dumping data for table `django_migrations`
--

LOCK TABLES `django_migrations` WRITE;
/*!40000 ALTER TABLE `django_migrations` DISABLE KEYS */;
INSERT INTO `django_migrations` VALUES
(1,'contenttypes','0001_initial','2026-03-21 03:28:33.831319'),
(2,'contenttypes','0002_remove_content_type_name','2026-03-21 03:28:34.783169'),
(3,'auth','0001_initial','2026-03-21 03:28:36.132117'),
(4,'auth','0002_alter_permission_name_max_length','2026-03-21 03:28:36.388205'),
(5,'auth','0003_alter_user_email_max_length','2026-03-21 03:28:36.397705'),
(6,'auth','0004_alter_user_username_opts','2026-03-21 03:28:36.407777'),
(7,'auth','0005_alter_user_last_login_null','2026-03-21 03:28:36.418253'),
(8,'auth','0006_require_contenttypes_0002','2026-03-21 03:28:36.426411'),
(9,'auth','0007_alter_validators_add_error_messages','2026-03-21 03:28:36.435585'),
(10,'auth','0008_alter_user_username_max_length','2026-03-21 03:28:36.443560'),
(11,'auth','0009_alter_user_last_name_max_length','2026-03-21 03:28:36.449141'),
(12,'auth','0010_alter_group_name_max_length','2026-03-21 03:28:36.537056'),
(13,'auth','0011_update_proxy_permissions','2026-03-21 03:28:36.558932'),
(14,'auth','0012_alter_user_first_name_max_length','2026-03-21 03:28:36.567365'),
(15,'results','0001_initial','2026-03-21 03:28:47.930229'),
(16,'admin','0001_initial','2026-03-21 03:28:49.821331'),
(17,'admin','0002_logentry_remove_auto_add','2026-03-21 03:28:49.834140'),
(18,'admin','0003_logentry_add_action_flag_choices','2026-03-21 03:28:49.843260'),
(19,'results','0002_remove_result_results_roll_nu_3f83e5_idx_and_more','2026-03-21 03:28:51.784837'),
(20,'results','0003_user_failed_login_attempts_user_locked_until_and_more','2026-03-21 03:28:55.044430'),
(21,'results','0004_notification_exam_name_notification_result_and_more','2026-03-21 03:28:56.332803'),
(22,'results','0005_result_course','2026-03-21 03:28:56.918170'),
(23,'results','0006_result_branch','2026-03-21 03:28:57.246680'),
(24,'results','0007_subject_attempts','2026-03-21 03:28:57.649590'),
(25,'results','0008_result_percentage','2026-03-21 03:28:57.799079'),
(26,'results','0009_user_branch_user_can_manage_users_and_more','2026-03-21 03:28:58.642249'),
(27,'results','0010_user_can_delete_results_user_can_upload_results_and_more','2026-03-21 03:28:59.290520'),
(28,'results','0011_fix_student_null_constraint','2026-03-21 03:29:00.282816'),
(29,'results','0012_result_completion_date','2026-03-21 03:29:00.867349'),
(30,'results','0013_alter_result_unique_together_and_more','2026-03-21 03:29:01.618544'),
(31,'results','0014_update_for_credits_and_sgpa','2026-03-21 03:29:02.233177'),
(32,'results','0015_exam_examenrollment_studentphoto_circular_hallticket_and_more','2026-03-21 03:29:09.231231'),
(33,'results','0016_alter_examsubject_exam_date','2026-03-21 03:29:09.235737'),
(34,'results','0017_fix_schema_gaps','2026-03-21 03:29:09.998366'),
(35,'results','0018_alter_auditlog_action_alter_exam_exam_center','2026-03-21 03:29:10.027992'),
(36,'sessions','0001_initial','2026-03-21 03:29:10.296271'),
(37,'token_blacklist','0001_initial','2026-03-21 03:29:10.830005'),
(38,'token_blacklist','0002_outstandingtoken_jti_hex','2026-03-21 03:29:10.990172'),
(39,'token_blacklist','0003_auto_20171017_2007','2026-03-21 03:29:11.012245'),
(40,'token_blacklist','0004_auto_20171017_2013','2026-03-21 03:29:11.474025'),
(41,'token_blacklist','0005_remove_outstandingtoken_jti','2026-03-21 03:29:11.722813'),
(42,'token_blacklist','0006_auto_20171017_2113','2026-03-21 03:29:11.820248'),
(43,'token_blacklist','0007_auto_20171017_2214','2026-03-21 03:29:12.574082'),
(44,'token_blacklist','0008_migrate_to_bigautofield','2026-03-21 03:29:13.456555'),
(45,'token_blacklist','0010_fix_migrate_to_bigautofield','2026-03-21 03:29:13.474484'),
(46,'token_blacklist','0011_linearizes_history','2026-03-21 03:29:13.486390'),
(47,'token_blacklist','0012_alter_outstandingtoken_user','2026-03-21 03:29:13.512031'),
(48,'results','0019_auditlog_session_id','2026-03-21 03:57:32.396723'),
(49,'results','0020_user_granular_permissions','2026-03-21 05:50:58.309034'),
(50,'results','0021_circular_target_audience','2026-03-21 07:10:24.726079'),
(51,'results','0022_remove_old_permission_fields','2026-04-09 09:30:57.734727');
/*!40000 ALTER TABLE `django_migrations` ENABLE KEYS */;
UNLOCK TABLES;

--
-- Table structure for table `django_session`
--

DROP TABLE IF EXISTS `django_session`;
/*!40101 SET @saved_cs_client     = @@character_set_client */;
/*!40101 SET character_set_client = utf8mb4 */;
CREATE TABLE `django_session` (
  `session_key` varchar(40) NOT NULL,
  `session_data` longtext NOT NULL,
  `expire_date` datetime(6) NOT NULL,
  PRIMARY KEY (`session_key`),
  KEY `django_session_expire_date_a5c62663` (`expire_date`)
) ENGINE=InnoDB DEFAULT CHARSET=utf8mb4 COLLATE=utf8mb4_general_ci;
/*!40101 SET character_set_client = @saved_cs_client */;

--
-- Dumping data for table `django_session`
--

LOCK TABLES `django_session` WRITE;
/*!40000 ALTER TABLE `django_session` DISABLE KEYS */;
/*!40000 ALTER TABLE `django_session` ENABLE KEYS */;
UNLOCK TABLES;

--
-- Table structure for table `hall_ticket_enrollments`
--

DROP TABLE IF EXISTS `hall_ticket_enrollments`;
/*!40101 SET @saved_cs_client     = @@character_set_client */;
/*!40101 SET character_set_client = utf8mb4 */;
CREATE TABLE `hall_ticket_enrollments` (
  `id` bigint(20) NOT NULL AUTO_INCREMENT,
  `roll_number` varchar(50) NOT NULL,
  `student_name` varchar(200) NOT NULL,
  `branch` varchar(100) NOT NULL,
  `enrolled_at` datetime(6) NOT NULL,
  `exam_id` bigint(20) NOT NULL,
  `student_id` bigint(20) DEFAULT NULL,
  PRIMARY KEY (`id`),
  UNIQUE KEY `hall_ticket_enrollments_exam_id_roll_number_a2f34e25_uniq` (`exam_id`,`roll_number`),
  KEY `hall_ticket_enrollments_student_id_2aa09e6e_fk_users_id` (`student_id`),
  KEY `hall_ticket_enrollments_roll_number_2384638a` (`roll_number`),
  CONSTRAINT `hall_ticket_enrollments_exam_id_b0d2520b_fk_hall_ticket_exams_id` FOREIGN KEY (`exam_id`) REFERENCES `hall_ticket_exams` (`id`),
  CONSTRAINT `hall_ticket_enrollments_student_id_2aa09e6e_fk_users_id` FOREIGN KEY (`student_id`) REFERENCES `users` (`id`)
) ENGINE=InnoDB AUTO_INCREMENT=31 DEFAULT CHARSET=utf8mb4 COLLATE=utf8mb4_general_ci;
/*!40101 SET character_set_client = @saved_cs_client */;

--
-- Dumping data for table `hall_ticket_enrollments`
--

LOCK TABLES `hall_ticket_enrollments` WRITE;
/*!40000 ALTER TABLE `hall_ticket_enrollments` DISABLE KEYS */;
/*!40000 ALTER TABLE `hall_ticket_enrollments` ENABLE KEYS */;
UNLOCK TABLES;

--
-- Table structure for table `hall_ticket_exam_subjects`
--

DROP TABLE IF EXISTS `hall_ticket_exam_subjects`;
/*!40101 SET @saved_cs_client     = @@character_set_client */;
/*!40101 SET character_set_client = utf8mb4 */;
CREATE TABLE `hall_ticket_exam_subjects` (
  `id` bigint(20) NOT NULL AUTO_INCREMENT,
  `subject_code` varchar(50) NOT NULL,
  `subject_name` varchar(200) NOT NULL,
  `subject_type` varchar(20) NOT NULL,
  `exam_date` date DEFAULT NULL,
  `exam_time` time(6) NOT NULL,
  `duration` varchar(50) NOT NULL,
  `order` int(11) NOT NULL,
  `exam_id` bigint(20) NOT NULL,
  PRIMARY KEY (`id`),
  UNIQUE KEY `hall_ticket_exam_subjects_exam_id_subject_code_22c2294b_uniq` (`exam_id`,`subject_code`),
  CONSTRAINT `hall_ticket_exam_sub_exam_id_3c296380_fk_hall_tick` FOREIGN KEY (`exam_id`) REFERENCES `hall_ticket_exams` (`id`)
) ENGINE=InnoDB AUTO_INCREMENT=20 DEFAULT CHARSET=utf8mb4 COLLATE=utf8mb4_general_ci;
/*!40101 SET character_set_client = @saved_cs_client */;

--
-- Dumping data for table `hall_ticket_exam_subjects`
--

LOCK TABLES `hall_ticket_exam_subjects` WRITE;
/*!40000 ALTER TABLE `hall_ticket_exam_subjects` DISABLE KEYS */;
/*!40000 ALTER TABLE `hall_ticket_exam_subjects` ENABLE KEYS */;
UNLOCK TABLES;

--
-- Table structure for table `hall_ticket_exams`
--

DROP TABLE IF EXISTS `hall_ticket_exams`;
/*!40101 SET @saved_cs_client     = @@character_set_client */;
/*!40101 SET character_set_client = utf8mb4 */;
CREATE TABLE `hall_ticket_exams` (
  `id` bigint(20) NOT NULL AUTO_INCREMENT,
  `exam_name` varchar(300) NOT NULL,
  `year` varchar(10) NOT NULL,
  `semester` varchar(10) NOT NULL,
  `course` varchar(50) NOT NULL,
  `branch` varchar(100) NOT NULL,
  `exam_center` varchar(200) NOT NULL,
  `exam_start_time` time(6) NOT NULL,
  `exam_end_time` time(6) NOT NULL,
  `instructions` longtext NOT NULL,
  `is_active` tinyint(1) NOT NULL,
  `created_at` datetime(6) NOT NULL,
  `updated_at` datetime(6) NOT NULL,
  `created_by_id` bigint(20) DEFAULT NULL,
  PRIMARY KEY (`id`),
  KEY `hall_ticket_exams_created_by_id_593c611a_fk_users_id` (`created_by_id`),
  CONSTRAINT `hall_ticket_exams_created_by_id_593c611a_fk_users_id` FOREIGN KEY (`created_by_id`) REFERENCES `users` (`id`)
) ENGINE=InnoDB AUTO_INCREMENT=12 DEFAULT CHARSET=utf8mb4 COLLATE=utf8mb4_general_ci;
/*!40101 SET character_set_client = @saved_cs_client */;

--
-- Dumping data for table `hall_ticket_exams`
--

LOCK TABLES `hall_ticket_exams` WRITE;
/*!40000 ALTER TABLE `hall_ticket_exams` DISABLE KEYS */;
/*!40000 ALTER TABLE `hall_ticket_exams` ENABLE KEYS */;
UNLOCK TABLES;

--
-- Table structure for table `hall_ticket_student_photos`
--

DROP TABLE IF EXISTS `hall_ticket_student_photos`;
/*!40101 SET @saved_cs_client     = @@character_set_client */;
/*!40101 SET character_set_client = utf8mb4 */;
CREATE TABLE `hall_ticket_student_photos` (
  `student_id` bigint(20) NOT NULL,
  `roll_number` varchar(50) NOT NULL,
  `photo` varchar(100) NOT NULL,
  `consent_given` tinyint(1) NOT NULL,
  `consent_text` longtext NOT NULL,
  `consent_date` datetime(6) DEFAULT NULL,
  `uploaded_at` datetime(6) NOT NULL,
  `updated_at` datetime(6) NOT NULL,
  PRIMARY KEY (`student_id`),
  UNIQUE KEY `roll_number` (`roll_number`),
  CONSTRAINT `hall_ticket_student_photos_student_id_7ac1d49a_fk_users_id` FOREIGN KEY (`student_id`) REFERENCES `users` (`id`)
) ENGINE=InnoDB DEFAULT CHARSET=utf8mb4 COLLATE=utf8mb4_general_ci;
/*!40101 SET character_set_client = @saved_cs_client */;

--
-- Dumping data for table `hall_ticket_student_photos`
--

LOCK TABLES `hall_ticket_student_photos` WRITE;
/*!40000 ALTER TABLE `hall_ticket_student_photos` DISABLE KEYS */;
INSERT INTO `hall_ticket_student_photos` VALUES
(2,'2271010','hall_ticket_photos/chip.png',1,'I hereby give consent to use my photograph for hall ticket generation.','2026-03-21 06:23:34.983588','2026-03-21 06:23:34.988175','2026-03-21 06:23:34.988210');
/*!40000 ALTER TABLE `hall_ticket_student_photos` ENABLE KEYS */;
UNLOCK TABLES;

--
-- Table structure for table `hall_tickets`
--

DROP TABLE IF EXISTS `hall_tickets`;
/*!40101 SET @saved_cs_client     = @@character_set_client */;
/*!40101 SET character_set_client = utf8mb4 */;
CREATE TABLE `hall_tickets` (
  `id` bigint(20) NOT NULL AUTO_INCREMENT,
  `hall_ticket_number` varchar(50) NOT NULL,
  `pdf_file` varchar(100) DEFAULT NULL,
  `qr_code_data` varchar(500) NOT NULL,
  `status` varchar(20) NOT NULL,
  `download_count` int(11) NOT NULL,
  `generated_at` datetime(6) NOT NULL,
  `downloaded_at` datetime(6) DEFAULT NULL,
  `enrollment_id` bigint(20) NOT NULL,
  `exam_id` bigint(20) NOT NULL,
  `generated_by_id` bigint(20) DEFAULT NULL,
  `student_id` bigint(20) DEFAULT NULL,
  PRIMARY KEY (`id`),
  UNIQUE KEY `hall_ticket_number` (`hall_ticket_number`),
  UNIQUE KEY `enrollment_id` (`enrollment_id`),
  KEY `hall_tickets_exam_id_4bb832c5_fk_hall_ticket_exams_id` (`exam_id`),
  KEY `hall_tickets_generated_by_id_98793f87_fk_users_id` (`generated_by_id`),
  KEY `hall_tickets_student_id_fe100c74_fk_users_id` (`student_id`),
  CONSTRAINT `hall_tickets_enrollment_id_e62c73f9_fk_hall_tick` FOREIGN KEY (`enrollment_id`) REFERENCES `hall_ticket_enrollments` (`id`),
  CONSTRAINT `hall_tickets_exam_id_4bb832c5_fk_hall_ticket_exams_id` FOREIGN KEY (`exam_id`) REFERENCES `hall_ticket_exams` (`id`),
  CONSTRAINT `hall_tickets_generated_by_id_98793f87_fk_users_id` FOREIGN KEY (`generated_by_id`) REFERENCES `users` (`id`),
  CONSTRAINT `hall_tickets_student_id_fe100c74_fk_users_id` FOREIGN KEY (`student_id`) REFERENCES `users` (`id`)
) ENGINE=InnoDB AUTO_INCREMENT=31 DEFAULT CHARSET=utf8mb4 COLLATE=utf8mb4_general_ci;
/*!40101 SET character_set_client = @saved_cs_client */;

--
-- Dumping data for table `hall_tickets`
--

LOCK TABLES `hall_tickets` WRITE;
/*!40000 ALTER TABLE `hall_tickets` DISABLE KEYS */;
/*!40000 ALTER TABLE `hall_tickets` ENABLE KEYS */;
UNLOCK TABLES;

--
-- Table structure for table `login_attempts`
--

DROP TABLE IF EXISTS `login_attempts`;
/*!40101 SET @saved_cs_client     = @@character_set_client */;
/*!40101 SET character_set_client = utf8mb4 */;
CREATE TABLE `login_attempts` (
  `id` bigint(20) NOT NULL AUTO_INCREMENT,
  `username` varchar(150) NOT NULL,
  `ip_address` char(39) NOT NULL,
  `timestamp` datetime(6) NOT NULL,
  `success` tinyint(1) NOT NULL,
  PRIMARY KEY (`id`),
  KEY `login_attem_usernam_ece61f_idx` (`username`,`timestamp`),
  KEY `login_attem_ip_addr_340a7c_idx` (`ip_address`,`timestamp`)
) ENGINE=InnoDB AUTO_INCREMENT=137 DEFAULT CHARSET=utf8mb4 COLLATE=utf8mb4_general_ci;
/*!40101 SET character_set_client = @saved_cs_client */;

--
-- Dumping data for table `login_attempts`
--

LOCK TABLES `login_attempts` WRITE;
/*!40000 ALTER TABLE `login_attempts` DISABLE KEYS */;
INSERT INTO `login_attempts` VALUES
(2,'admin','10.189.129.61','2026-03-21 03:32:32.929651',1),
(7,'admin','172.18.0.1','2026-03-21 04:04:39.835697',1),
(10,'admin','172.18.0.1','2026-03-21 04:15:11.019183',1),
(11,'admin','10.189.129.61','2026-03-21 04:36:09.378980',1),
(13,'admin','172.18.0.4','2026-03-21 05:31:56.563038',1),
(14,'admin','172.18.0.1','2026-03-21 05:56:15.759798',0),
(15,'admin','172.18.0.1','2026-03-21 05:56:26.025135',0),
(16,'admin','172.18.0.1','2026-03-21 05:56:41.418696',0),
(17,'admin','172.18.0.4','2026-03-21 06:04:36.954262',1),
(19,'2271010','172.18.0.4','2026-03-21 06:17:34.856080',1),
(20,'2271010','172.18.0.4','2026-03-21 06:32:59.289625',1),
(21,'hod-eee','172.18.0.4','2026-03-21 06:58:47.834519',1),
(22,'admin','172.18.0.4','2026-03-21 07:05:02.397241',1),
(23,'2271010','172.18.0.4','2026-03-21 07:34:48.133701',1),
(27,'admin','172.18.0.1','2026-03-21 07:41:08.427215',1),
(33,'admin','172.18.0.1','2026-03-21 08:19:55.251334',1),
(34,'admin','172.18.0.1','2026-03-21 08:32:58.325565',1),
(35,'admin','10.189.129.238','2026-03-22 01:41:16.216216',1),
(37,'2271010','10.189.129.238','2026-03-22 01:42:05.628587',1),
(42,'hod_cse_test','172.18.0.1','2026-03-22 03:01:28.948364',0),
(43,'19PA1A0501','172.18.0.1','2026-03-22 03:01:29.011771',0),
(47,'admin','172.18.0.1','2026-03-22 03:03:54.448653',1),
(50,'hod_cse_e2e','172.18.0.1','2026-03-22 03:10:53.691391',1),
(51,'19PA1A0501','172.18.0.1','2026-03-22 03:10:54.442091',1),
(52,'admin','172.18.0.1','2026-03-22 03:10:56.568638',1),
(56,'hod_cse_e2e','172.18.0.1','2026-03-22 03:21:30.083029',1),
(57,'19PA1A0501','172.18.0.1','2026-03-22 03:21:30.159773',1),
(62,'hod_cse_150042','172.18.0.1','2026-03-22 03:27:24.275711',1),
(63,'19PA1A150042','172.18.0.1','2026-03-22 03:27:24.427903',1),
(67,'hod_cse_150084','172.18.0.1','2026-03-22 03:28:04.689800',1),
(68,'19PA1A150084','172.18.0.1','2026-03-22 03:28:04.801268',1),
(69,'admin','172.18.0.1','2026-03-22 03:28:05.607165',1),
(70,'admin','10.189.129.238','2026-03-22 12:31:09.776310',1),
(84,'19PA1A0501','172.18.0.1','2026-03-22 12:44:50.507794',1),
(86,'admin','172.18.0.1','2026-03-22 12:45:31.596002',1),
(87,'admin','172.18.0.1','2026-03-22 12:55:34.988173',1),
(90,'2271010','10.189.129.238','2026-03-22 13:53:39.900070',1),
(91,'admin','10.189.129.238','2026-03-22 13:54:01.035019',1),
(105,'admin','172.18.0.1','2026-03-22 15:23:46.344186',1),
(109,'admin','10.189.136.220','2026-03-23 01:04:39.013736',1),
(110,'admin','172.18.0.1','2026-03-23 01:33:31.877715',1),
(122,'admin','172.20.0.1','2026-04-01 16:02:51.271642',1),
(123,'admin','10.189.163.30','2026-04-01 16:22:45.663247',1),
(124,'admin','10.189.130.116','2026-04-02 02:03:45.503581',1),
(125,'admin','172.20.0.1','2026-04-09 01:37:39.708882',1),
(126,'admin','172.20.0.1','2026-04-09 06:00:04.032942',1),
(128,'admin','172.20.0.1','2026-04-09 06:17:16.543933',1),
(129,'admin','172.20.0.1','2026-04-09 06:30:39.151668',1),
(130,'admin','172.20.0.1','2026-04-09 07:18:33.933588',1),
(131,'admin','172.20.0.1','2026-04-09 07:29:21.463058',1),
(132,'admin','172.20.0.1','2026-04-09 09:31:38.189815',1),
(133,'admin','172.20.0.1','2026-04-09 10:43:20.462592',1),
(134,'admin','10.189.130.223','2026-04-09 10:59:30.397430',1),
(135,'admin','172.20.0.1','2026-04-09 11:23:21.410891',1),
(136,'admin','172.20.0.1','2026-04-09 11:46:20.545367',1);
/*!40000 ALTER TABLE `login_attempts` ENABLE KEYS */;
UNLOCK TABLES;

--
-- Table structure for table `notifications`
--

DROP TABLE IF EXISTS `notifications`;
/*!40101 SET @saved_cs_client     = @@character_set_client */;
/*!40101 SET character_set_client = utf8mb4 */;
CREATE TABLE `notifications` (
  `id` bigint(20) NOT NULL AUTO_INCREMENT,
  `message` longtext NOT NULL,
  `is_read` tinyint(1) NOT NULL,
  `created_at` datetime(6) NOT NULL,
  `student_id` bigint(20) NOT NULL,
  `exam_name` varchar(300) NOT NULL,
  `result_id` bigint(20) DEFAULT NULL,
  `results_published_date` date DEFAULT NULL,
  PRIMARY KEY (`id`),
  KEY `notificatio_student_c24e79_idx` (`student_id`,`is_read`,`created_at`),
  KEY `notifications_result_id_a327b8a3_fk_results_id` (`result_id`),
  CONSTRAINT `notifications_result_id_a327b8a3_fk_results_id` FOREIGN KEY (`result_id`) REFERENCES `results` (`id`),
  CONSTRAINT `notifications_student_id_b0783b27_fk_users_id` FOREIGN KEY (`student_id`) REFERENCES `users` (`id`)
) ENGINE=InnoDB AUTO_INCREMENT=3 DEFAULT CHARSET=utf8mb4 COLLATE=utf8mb4_general_ci;
/*!40101 SET character_set_client = @saved_cs_client */;

--
-- Dumping data for table `notifications`
--

LOCK TABLES `notifications` WRITE;
/*!40000 ALTER TABLE `notifications` DISABLE KEYS */;
/*!40000 ALTER TABLE `notifications` ENABLE KEYS */;
UNLOCK TABLES;

--
-- Table structure for table `results`
--

DROP TABLE IF EXISTS `results`;
/*!40101 SET @saved_cs_client     = @@character_set_client */;
/*!40101 SET character_set_client = utf8mb4 */;
CREATE TABLE `results` (
  `id` bigint(20) NOT NULL AUTO_INCREMENT,
  `roll_number` varchar(50) NOT NULL,
  `student_name` varchar(200) NOT NULL,
  `semester` int(11) NOT NULL,
  `result_type` varchar(20) NOT NULL,
  `overall_result` varchar(50) NOT NULL,
  `overall_grade` varchar(10) NOT NULL,
  `uploaded_at` datetime(6) NOT NULL,
  `updated_at` datetime(6) NOT NULL,
  `student_id` bigint(20) DEFAULT NULL,
  `uploaded_by_id` bigint(20) DEFAULT NULL,
  `exam_name` varchar(300) NOT NULL,
  `year` int(11) NOT NULL,
  `exam_held_date` date DEFAULT NULL,
  `course` varchar(10) NOT NULL,
  `branch` varchar(50) NOT NULL,
  `completion_date` date DEFAULT NULL,
  `total_marks` int(11) DEFAULT NULL,
  `sgpa` decimal(4,2) DEFAULT NULL,
  PRIMARY KEY (`id`),
  UNIQUE KEY `results_roll_number_exam_name_ec547c53_uniq` (`roll_number`,`exam_name`),
  KEY `results_uploade_02ae38_idx` (`uploaded_at`),
  KEY `results_uploaded_by_id_754a31c6_fk_users_id` (`uploaded_by_id`),
  KEY `results_roll_number_a5653931` (`roll_number`),
  KEY `results_roll_nu_81cd94_idx` (`roll_number`,`year`,`semester`),
  KEY `results_student_id_d573a18f_fk_users_id` (`student_id`),
  KEY `results_exam_na_181198_idx` (`exam_name`),
  CONSTRAINT `results_student_id_d573a18f_fk_users_id` FOREIGN KEY (`student_id`) REFERENCES `users` (`id`),
  CONSTRAINT `results_uploaded_by_id_754a31c6_fk_users_id` FOREIGN KEY (`uploaded_by_id`) REFERENCES `users` (`id`)
) ENGINE=InnoDB AUTO_INCREMENT=21 DEFAULT CHARSET=utf8mb4 COLLATE=utf8mb4_general_ci;
/*!40101 SET character_set_client = @saved_cs_client */;

--
-- Dumping data for table `results`
--

LOCK TABLES `results` WRITE;
/*!40000 ALTER TABLE `results` DISABLE KEYS */;
INSERT INTO `results` VALUES
(1,'2271010','a',1,'regular','Pass','','2026-03-21 06:15:06.880080','2026-03-21 06:15:06.940567',NULL,1,'B.Tech I year I Semester Regular and Supplementary Exam Results March 2024',1,'2024-03-01','btech','cse','2026-03-21',404,9.06),
(2,'2271011','b',1,'regular','Fail','','2026-03-21 06:15:06.943484','2026-03-21 06:15:06.946207',NULL,1,'B.Tech I year I Semester Regular and Supplementary Exam Results March 2024',1,'2024-03-01','btech','cse',NULL,384,7.06),
(3,'2271012','c',1,'regular','Pass','','2026-03-21 06:15:06.948827','2026-03-21 06:15:06.952715',NULL,1,'B.Tech I year I Semester Regular and Supplementary Exam Results March 2024',1,'2024-03-01','btech','cse','2026-03-21',404,9.06),
(4,'2271013','d',1,'regular','Fail','','2026-03-21 06:15:06.954633','2026-03-21 06:15:06.957066',NULL,1,'B.Tech I year I Semester Regular and Supplementary Exam Results March 2024',1,'2024-03-01','btech','cse',NULL,394,6.83),
(5,'2271014','e',1,'regular','Fail','','2026-03-21 06:15:06.959606','2026-03-21 06:15:06.964708',NULL,1,'B.Tech I year I Semester Regular and Supplementary Exam Results March 2024',1,'2024-03-01','btech','cse',NULL,394,7.72),
(6,'2271015','f',1,'regular','Pass','','2026-03-21 06:15:06.967147','2026-03-21 06:15:06.971655',NULL,1,'B.Tech I year I Semester Regular and Supplementary Exam Results March 2024',1,'2024-03-01','btech','cse','2026-03-21',404,9.06),
(7,'2271016','g',1,'regular','Pass','','2026-03-21 06:15:06.973667','2026-03-21 06:15:06.977784',NULL,1,'B.Tech I year I Semester Regular and Supplementary Exam Results March 2024',1,'2024-03-01','btech','eee','2026-03-21',404,9.06),
(8,'2271017','h',1,'regular','Pass','','2026-03-21 06:15:06.979903','2026-03-21 06:15:06.984052',NULL,1,'B.Tech I year I Semester Regular and Supplementary Exam Results March 2024',1,'2024-03-01','btech','eee','2026-03-21',404,9.06),
(9,'2271018','i',1,'regular','Fail','','2026-03-21 06:15:06.985729','2026-03-21 06:15:06.988038',NULL,1,'B.Tech I year I Semester Regular and Supplementary Exam Results March 2024',1,'2024-03-01','btech','eee',NULL,374,7.56),
(10,'2271019','j',1,'regular','Pass','','2026-03-21 06:15:06.990256','2026-03-21 06:15:06.994422',NULL,1,'B.Tech I year I Semester Regular and Supplementary Exam Results March 2024',1,'2024-03-01','btech','eee','2026-03-21',404,9.06),
(11,'2271020','k',1,'regular','Pass','','2026-03-21 06:15:06.996881','2026-03-21 06:15:07.000798',NULL,1,'B.Tech I year I Semester Regular and Supplementary Exam Results March 2024',1,'2024-03-01','btech','eee','2026-03-21',404,9.06),
(12,'2271021','l',1,'supplementary','Pass','','2026-03-21 06:15:07.002494','2026-03-21 06:15:07.006442',NULL,1,'B.Tech I year I Semester Regular and Supplementary Exam Results March 2024',1,'2024-03-01','btech','eee','2026-03-21',404,9.06),
(13,'19PA1A150042','Priya Sharma',1,'regular','Pass','','2026-03-22 03:27:24.585954','2026-03-22 03:27:24.592399',NULL,1,'B.Tech I year I Semester Regular Exam Results March 2026',1,NULL,'btech','cse','2026-03-22',0,8.50),
(14,'20PA1A150042','Rahul Kumar',1,'regular','Pass','','2026-03-22 03:27:24.595058','2026-03-22 03:27:24.600722',NULL,1,'B.Tech I year I Semester Regular Exam Results March 2026',1,NULL,'btech','cse','2026-03-22',0,8.50),
(15,'21PA1A150042','Amit Patel',1,'regular','Fail','','2026-03-22 03:27:24.602923','2026-03-22 03:27:24.605037',NULL,1,'B.Tech I year I Semester Regular Exam Results March 2026',1,NULL,'btech','cse',NULL,0,4.00),
(16,'21PA1A150042','Amit Patel',1,'supplementary','Fail','','2026-03-22 03:27:24.636435','2026-03-22 03:27:24.638355',NULL,1,'B.Tech I year I Semester Supplementary Exam Results March 2026',1,NULL,'btech','cse',NULL,0,0.00),
(17,'19PA1A150084','Priya Sharma',1,'regular','Pass','','2026-03-22 03:28:04.977200','2026-03-22 03:28:04.982853',NULL,1,'B.Tech I year I Semester Regular Exam Results March 2026',1,NULL,'btech','cse','2026-03-22',0,8.50),
(18,'20PA1A150084','Rahul Kumar',1,'regular','Pass','','2026-03-22 03:28:04.985260','2026-03-22 03:28:04.991281',NULL,1,'B.Tech I year I Semester Regular Exam Results March 2026',1,NULL,'btech','cse','2026-03-22',0,8.50),
(19,'21PA1A150084','Amit Patel',1,'regular','Fail','','2026-03-22 03:28:04.993186','2026-03-22 03:28:04.995014',NULL,1,'B.Tech I year I Semester Regular Exam Results March 2026',1,NULL,'btech','cse',NULL,0,4.00),
(20,'21PA1A150084','Amit Patel',1,'supplementary','Fail','','2026-03-22 03:28:05.020533','2026-03-22 03:28:05.022729',NULL,1,'B.Tech I year I Semester Supplementary Exam Results March 2026',1,NULL,'btech','cse',NULL,0,0.00);
/*!40000 ALTER TABLE `results` ENABLE KEYS */;
UNLOCK TABLES;

--
-- Table structure for table `subjects`
--

DROP TABLE IF EXISTS `subjects`;
/*!40101 SET @saved_cs_client     = @@character_set_client */;
/*!40101 SET character_set_client = utf8mb4 */;
CREATE TABLE `subjects` (
  `id` bigint(20) NOT NULL AUTO_INCREMENT,
  `subject_code` varchar(50) NOT NULL,
  `subject_name` varchar(200) NOT NULL,
  `internal_marks` int(11) DEFAULT NULL,
  `external_marks` int(11) DEFAULT NULL,
  `total_marks` int(11) DEFAULT NULL,
  `grade` varchar(10) NOT NULL,
  `result_id` bigint(20) NOT NULL,
  `attempts` int(11) NOT NULL,
  `credits` int(11) DEFAULT NULL,
  `subject_type` varchar(20) NOT NULL DEFAULT 'Theory',
  PRIMARY KEY (`id`),
  KEY `subjects_result_id_56492fb3_fk_results_id` (`result_id`),
  KEY `subjects_subject_e16b01_idx` (`subject_code`),
  CONSTRAINT `subjects_result_id_56492fb3_fk_results_id` FOREIGN KEY (`result_id`) REFERENCES `results` (`id`)
) ENGINE=InnoDB AUTO_INCREMENT=75 DEFAULT CHARSET=utf8mb4 COLLATE=utf8mb4_general_ci;
/*!40101 SET character_set_client = @saved_cs_client */;

--
-- Dumping data for table `subjects`
--

LOCK TABLES `subjects` WRITE;
/*!40000 ALTER TABLE `subjects` DISABLE KEYS */;
INSERT INTO `subjects` VALUES
(1,'CS101','Data Structures',18,65,83,'A',1,1,4,'Theory'),
(2,'CS102','Algorithms',20,70,90,'O',1,1,4,'Theory'),
(3,'CS103','Databases',15,50,65,'B',1,1,3,'Theory'),
(4,'CS104','Operating Systems',19,68,87,'A',1,1,4,'Theory'),
(5,'CS105','Computer Networks',17,62,79,'A',1,1,3,'Theory'),
(6,'CS101','Data Structures',18,45,63,'F',2,1,4,'Theory'),
(7,'CS102','Algorithms',20,70,90,'O',2,1,4,'Theory'),
(8,'CS103','Databases',15,50,65,'B',2,1,3,'Theory'),
(9,'CS104','Operating Systems',19,68,87,'A',2,1,4,'Theory'),
(10,'CS105','Computer Networks',17,62,79,'A',2,1,3,'Theory'),
(11,'CS101','Data Structures',18,65,83,'A',3,1,4,'Theory'),
(12,'CS102','Algorithms',20,70,90,'O',3,1,4,'Theory'),
(13,'CS103','Databases',15,50,65,'B',3,1,3,'Theory'),
(14,'CS104','Operating Systems',19,68,87,'A',3,1,4,'Theory'),
(15,'CS105','Computer Networks',17,62,79,'A',3,1,3,'Theory'),
(16,'CS101','Data Structures',18,65,83,'A',4,1,4,'Theory'),
(17,'CS102','Algorithms',20,60,80,'F',4,1,4,'Theory'),
(18,'CS103','Databases',15,50,65,'B',4,1,3,'Theory'),
(19,'CS104','Operating Systems',19,68,87,'A',4,1,4,'Theory'),
(20,'CS105','Computer Networks',17,62,79,'A',4,1,3,'Theory'),
(21,'CS101','Data Structures',18,65,83,'A',5,1,4,'Theory'),
(22,'CS102','Algorithms',20,70,90,'O',5,1,4,'Theory'),
(23,'CS103','Databases',15,40,55,'F',5,1,3,'Theory'),
(24,'CS104','Operating Systems',19,68,87,'A',5,1,4,'Theory'),
(25,'CS105','Computer Networks',17,62,79,'A',5,1,3,'Theory'),
(26,'CS101','Data Structures',18,65,83,'A',6,1,4,'Theory'),
(27,'CS102','Algorithms',20,70,90,'O',6,1,4,'Theory'),
(28,'CS103','Databases',15,50,65,'B',6,1,3,'Theory'),
(29,'CS104','Operating Systems',19,68,87,'A',6,1,4,'Theory'),
(30,'CS105','Computer Networks',17,62,79,'A',6,1,3,'Theory'),
(31,'CS101','Data Structures',18,65,83,'A',7,1,4,'Theory'),
(32,'CS102','Algorithms',20,70,90,'O',7,1,4,'Theory'),
(33,'CS103','Databases',15,50,65,'B',7,1,3,'Theory'),
(34,'CS104','Operating Systems',19,68,87,'A',7,1,4,'Theory'),
(35,'CS105','Computer Networks',17,62,79,'A',7,1,3,'Theory'),
(36,'CS101','Data Structures',18,65,83,'A',8,1,4,'Theory'),
(37,'CS102','Algorithms',20,70,90,'O',8,1,4,'Theory'),
(38,'CS103','Databases',15,50,65,'B',8,1,3,'Theory'),
(39,'CS104','Operating Systems',19,68,87,'A',8,1,4,'Theory'),
(40,'CS105','Computer Networks',17,62,79,'A',8,1,3,'Theory'),
(41,'CS101','Data Structures',18,65,83,'A',9,1,4,'Theory'),
(42,'CS102','Algorithms',20,70,90,'O',9,1,4,'Theory'),
(43,'CS103','Databases',15,50,65,'B',9,1,3,'Theory'),
(44,'CS104','Operating Systems',19,68,87,'A',9,1,4,'Theory'),
(45,'CS105','Computer Networks',17,32,49,'F',9,1,3,'Theory'),
(46,'CS101','Data Structures',18,65,83,'A',10,1,4,'Theory'),
(47,'CS102','Algorithms',20,70,90,'O',10,1,4,'Theory'),
(48,'CS103','Databases',15,50,65,'B',10,1,3,'Theory'),
(49,'CS104','Operating Systems',19,68,87,'A',10,1,4,'Theory'),
(50,'CS105','Computer Networks',17,62,79,'A',10,1,3,'Theory'),
(51,'CS101','Data Structures',18,65,83,'A',11,1,4,'Theory'),
(52,'CS102','Algorithms',20,70,90,'O',11,1,4,'Theory'),
(53,'CS103','Databases',15,50,65,'B',11,1,3,'Theory'),
(54,'CS104','Operating Systems',19,68,87,'A',11,1,4,'Theory'),
(55,'CS105','Computer Networks',17,62,79,'A',11,1,3,'Theory'),
(56,'CS101','Data Structures',18,65,83,'A',12,1,4,'Theory'),
(57,'CS102','Algorithms',20,70,90,'O',12,1,4,'Theory'),
(58,'CS103','Databases',15,50,65,'B',12,1,3,'Theory'),
(59,'CS104','Operating Systems',19,68,87,'A',12,1,4,'Theory'),
(60,'CS105','Computer Networks',17,62,79,'A',12,1,3,'Theory'),
(61,'CS101','Maths',NULL,NULL,NULL,'A',13,1,4,'Theory'),
(62,'CS102','Physics',NULL,NULL,NULL,'B',13,1,4,'Theory'),
(63,'CS101','Maths',NULL,NULL,NULL,'B',14,1,4,'Theory'),
(64,'CS102','Physics',NULL,NULL,NULL,'A',14,1,4,'Theory'),
(65,'CS101','Maths',NULL,NULL,NULL,'F',15,1,4,'Theory'),
(66,'CS102','Physics',NULL,NULL,NULL,'B',15,1,4,'Theory'),
(67,'CS101','Maths',NULL,NULL,NULL,'F',16,1,4,'Theory'),
(68,'CS101','Maths',NULL,NULL,NULL,'A',17,1,4,'Theory'),
(69,'CS102','Physics',NULL,NULL,NULL,'B',17,1,4,'Theory'),
(70,'CS101','Maths',NULL,NULL,NULL,'B',18,1,4,'Theory'),
(71,'CS102','Physics',NULL,NULL,NULL,'A',18,1,4,'Theory'),
(72,'CS101','Maths',NULL,NULL,NULL,'F',19,1,4,'Theory'),
(73,'CS102','Physics',NULL,NULL,NULL,'B',19,1,4,'Theory'),
(74,'CS101','Maths',NULL,NULL,NULL,'F',20,1,4,'Theory');
/*!40000 ALTER TABLE `subjects` ENABLE KEYS */;
UNLOCK TABLES;

--
-- Table structure for table `token_blacklist_blacklistedtoken`
--

DROP TABLE IF EXISTS `token_blacklist_blacklistedtoken`;
/*!40101 SET @saved_cs_client     = @@character_set_client */;
/*!40101 SET character_set_client = utf8mb4 */;
CREATE TABLE `token_blacklist_blacklistedtoken` (
  `id` bigint(20) NOT NULL AUTO_INCREMENT,
  `blacklisted_at` datetime(6) NOT NULL,
  `token_id` bigint(20) NOT NULL,
  PRIMARY KEY (`id`),
  UNIQUE KEY `token_id` (`token_id`),
  CONSTRAINT `token_blacklist_blacklistedtoken_token_id_3cc7fe56_fk` FOREIGN KEY (`token_id`) REFERENCES `token_blacklist_outstandingtoken` (`id`)
) ENGINE=InnoDB DEFAULT CHARSET=utf8mb4 COLLATE=utf8mb4_general_ci;
/*!40101 SET character_set_client = @saved_cs_client */;

--
-- Dumping data for table `token_blacklist_blacklistedtoken`
--

LOCK TABLES `token_blacklist_blacklistedtoken` WRITE;
/*!40000 ALTER TABLE `token_blacklist_blacklistedtoken` DISABLE KEYS */;
/*!40000 ALTER TABLE `token_blacklist_blacklistedtoken` ENABLE KEYS */;
UNLOCK TABLES;

--
-- Table structure for table `token_blacklist_outstandingtoken`
--

DROP TABLE IF EXISTS `token_blacklist_outstandingtoken`;
/*!40101 SET @saved_cs_client     = @@character_set_client */;
/*!40101 SET character_set_client = utf8mb4 */;
CREATE TABLE `token_blacklist_outstandingtoken` (
  `id` bigint(20) NOT NULL AUTO_INCREMENT,
  `token` longtext NOT NULL,
  `created_at` datetime(6) DEFAULT NULL,
  `expires_at` datetime(6) NOT NULL,
  `user_id` bigint(20) DEFAULT NULL,
  `jti` varchar(255) NOT NULL,
  PRIMARY KEY (`id`),
  UNIQUE KEY `token_blacklist_outstandingtoken_jti_hex_d9bdf6f7_uniq` (`jti`),
  KEY `token_blacklist_outstandingtoken_user_id_83bc629a_fk_users_id` (`user_id`),
  CONSTRAINT `token_blacklist_outstandingtoken_user_id_83bc629a_fk_users_id` FOREIGN KEY (`user_id`) REFERENCES `users` (`id`)
) ENGINE=InnoDB AUTO_INCREMENT=106 DEFAULT CHARSET=utf8mb4 COLLATE=utf8mb4_general_ci;
/*!40101 SET character_set_client = @saved_cs_client */;

--
-- Dumping data for table `token_blacklist_outstandingtoken`
--

LOCK TABLES `token_blacklist_outstandingtoken` WRITE;
/*!40000 ALTER TABLE `token_blacklist_outstandingtoken` DISABLE KEYS */;
INSERT INTO `token_blacklist_outstandingtoken` VALUES
(1,'eyJhbGciOiJIUzI1NiIsInR5cCI6IkpXVCJ9.eyJ0b2tlbl90eXBlIjoicmVmcmVzaCIsImV4cCI6MTc3NDE1MDIyNCwiaWF0IjoxNzc0MDYzODI0LCJqdGkiOiI5MWY3NTM1NjU0ZjQ0MzA3OWQ1OGY5ZDU0OTQ0Y2NkYiIsInVzZXJfaWQiOjF9.pXhaLlNKRwZkvfRqdi3P5NLmoR3qynJe5XVp9k8fDlw','2026-03-21 03:30:24.957006','2026-03-22 03:30:24.000000',1,'91f7535654f443079d58f9d54944ccdb'),
(2,'eyJhbGciOiJIUzI1NiIsInR5cCI6IkpXVCJ9.eyJ0b2tlbl90eXBlIjoicmVmcmVzaCIsImV4cCI6MTc3NDE1MDM1MiwiaWF0IjoxNzc0MDYzOTUyLCJqdGkiOiJiZDk4ZTcyMzc1Y2E0MzQyODRkOTBjNzhjMzE4OGRjMSIsInVzZXJfaWQiOjF9.Zm4l8ZMi5Cmc29YkfkS5gce_c4gyiXKw1L-BHTW7q7A','2026-03-21 03:32:32.940772','2026-03-22 03:32:32.000000',1,'bd98e72375ca434284d90c78c3188dc1'),
(3,'eyJhbGciOiJIUzI1NiIsInR5cCI6IkpXVCJ9.eyJ0b2tlbl90eXBlIjoicmVmcmVzaCIsImV4cCI6MTc3NDE1MjIyOCwiaWF0IjoxNzc0MDY1ODI4LCJqdGkiOiI2ZjA5MDkwYmNhYjY0NTU3OTBkNTRlOTQwOGY5ZjFlZCIsInVzZXJfaWQiOjF9.Xy0u2rJcz-C94UqnGLmdVPz5fp3yVvnUULlrp6xJtBg','2026-03-21 04:03:48.340334','2026-03-22 04:03:48.000000',1,'6f09090bcab6455790d54e9408f9f1ed'),
(4,'eyJhbGciOiJIUzI1NiIsInR5cCI6IkpXVCJ9.eyJ0b2tlbl90eXBlIjoicmVmcmVzaCIsImV4cCI6MTc3NDE1MjIzNywiaWF0IjoxNzc0MDY1ODM3LCJqdGkiOiI5MDU1ZDdhNGM0NDA0OTgxOWNkZDk4Nzc5OGY4M2M3NyIsInVzZXJfaWQiOjF9.nVQ1Esu2p5Dkb9t7WfeDZ6xoXqoMHHvH4bb9flbMSLE','2026-03-21 04:03:57.078459','2026-03-22 04:03:57.000000',1,'9055d7a4c44049819cdd987798f83c77'),
(5,'eyJhbGciOiJIUzI1NiIsInR5cCI6IkpXVCJ9.eyJ0b2tlbl90eXBlIjoicmVmcmVzaCIsImV4cCI6MTc3NDE1MjI3OSwiaWF0IjoxNzc0MDY1ODc5LCJqdGkiOiJjNTczOWUwMDA3ZjI0Y2VmYTkzZDliZjM3YjEyOWJhNiIsInVzZXJfaWQiOjF9.o6enr0Ob6m6H-kC4XKZdqoeXQyDy6wRDedPFTZunXGA','2026-03-21 04:04:39.837218','2026-03-22 04:04:39.000000',1,'c5739e0007f24cefa93d9bf37b129ba6'),
(6,'eyJhbGciOiJIUzI1NiIsInR5cCI6IkpXVCJ9.eyJ0b2tlbl90eXBlIjoicmVmcmVzaCIsImV4cCI6MTc3NDE1MjgxOCwiaWF0IjoxNzc0MDY2NDE4LCJqdGkiOiI3ZTQ4Yjg5NDk1M2M0NzZlYmU0ZDZhNjM3NWZjMDczZCIsInVzZXJfaWQiOjF9.YJQXKBCHdBDveTISa169eoUL-hzuMwr9iDwLUZyajNY','2026-03-21 04:13:38.418532','2026-03-22 04:13:38.000000',1,'7e48b894953c476ebe4d6a6375fc073d'),
(7,'eyJhbGciOiJIUzI1NiIsInR5cCI6IkpXVCJ9.eyJ0b2tlbl90eXBlIjoicmVmcmVzaCIsImV4cCI6MTc3NDE1Mjg4OCwiaWF0IjoxNzc0MDY2NDg4LCJqdGkiOiIzMmEwZTk2MWZiYmQ0MGRmYmI4MTJlMzEwOWMyYWZhNSIsInVzZXJfaWQiOjF9.SgMFW9VwAn4uFgiD20JSEjA2Rc2qoxyMPO82fz2Zyao','2026-03-21 04:14:48.213584','2026-03-22 04:14:48.000000',1,'32a0e961fbbd40dfbb812e3109c2afa5'),
(8,'eyJhbGciOiJIUzI1NiIsInR5cCI6IkpXVCJ9.eyJ0b2tlbl90eXBlIjoicmVmcmVzaCIsImV4cCI6MTc3NDE1MjkxMSwiaWF0IjoxNzc0MDY2NTExLCJqdGkiOiIxOGFlM2ZiZWQxOTE0NjQxYmEzMDJjMjZlOTBiZmFkYyIsInVzZXJfaWQiOjF9.o989RsolTJpE9OvYxLrXbqhFVo2CD3vULYS64Bg0flw','2026-03-21 04:15:11.028178','2026-03-22 04:15:11.000000',1,'18ae3fbed1914641ba302c26e90bfadc'),
(9,'eyJhbGciOiJIUzI1NiIsInR5cCI6IkpXVCJ9.eyJ0b2tlbl90eXBlIjoicmVmcmVzaCIsImV4cCI6MTc3NDE1NDE2OSwiaWF0IjoxNzc0MDY3NzY5LCJqdGkiOiI3N2FlODc4MmFmZmY0YWM0OWJmYjYyYWYwOWE5ODY1YyIsInVzZXJfaWQiOjF9.b0-Qli6mYgXqRQe9eT0wQxSVmH0QXNde7D1TOqgNkRw','2026-03-21 04:36:09.394453','2026-03-22 04:36:09.000000',1,'77ae8782afff4ac49bfb62af09a9865c'),
(10,'eyJhbGciOiJIUzI1NiIsInR5cCI6IkpXVCJ9.eyJ0b2tlbl90eXBlIjoicmVmcmVzaCIsImV4cCI6MTc3NDE1NzUwNCwiaWF0IjoxNzc0MDcxMTA0LCJqdGkiOiIxMjg4Mzk4YTc4Yjk0OWJkOTMyNjkzNzU1ZWEwMTJhZCIsInVzZXJfaWQiOjF9.97I3F5W4yAbiRw-EwVNA96p5qSvXAhZ7mot6Bdfbe50','2026-03-21 05:31:44.338523','2026-03-22 05:31:44.000000',1,'1288398a78b949bd932693755ea012ad'),
(11,'eyJhbGciOiJIUzI1NiIsInR5cCI6IkpXVCJ9.eyJ0b2tlbl90eXBlIjoicmVmcmVzaCIsImV4cCI6MTc3NDE1NzUxNiwiaWF0IjoxNzc0MDcxMTE2LCJqdGkiOiJjYTY3ZmExMmNmNmM0NGNmYjVhYjhjNjY3NjI5NjhkNyIsInVzZXJfaWQiOjF9.TqasHtaUYKCnI0o_Y92HXb-Ved9Zmj0houb_VwPT6BE','2026-03-21 05:31:56.570663','2026-03-22 05:31:56.000000',1,'ca67fa12cf6c44cfb5ab8c66762968d7'),
(12,'eyJhbGciOiJIUzI1NiIsInR5cCI6IkpXVCJ9.eyJ0b2tlbl90eXBlIjoicmVmcmVzaCIsImV4cCI6MTc3NDE1OTQ3NiwiaWF0IjoxNzc0MDczMDc2LCJqdGkiOiI5MWI4MGExODMyOTc0YzU2YTFkNTlkZGI2M2U2ZjJhMiIsInVzZXJfaWQiOjF9.yzzwilpaNmSiGnsGZxeWGEq5GtPDAkQ8h_tbd9LpvEY','2026-03-21 06:04:36.956395','2026-03-22 06:04:36.000000',1,'91b80a1832974c56a1d59ddb63e6f2a2'),
(13,'eyJhbGciOiJIUzI1NiIsInR5cCI6IkpXVCJ9.eyJ0b2tlbl90eXBlIjoicmVmcmVzaCIsImV4cCI6MTc3NDE2MDI1NCwiaWF0IjoxNzc0MDczODU0LCJqdGkiOiJhMzAwYzFkNDEwYTA0ZGE1ODg1ZjdkNzIyY2VlYzM4MCIsInVzZXJfaWQiOjJ9.dEj1nw3d3KgtPzoFFQhcfYB6PgR_aM5VsiGleAQAfl0','2026-03-21 06:17:34.857773','2026-03-22 06:17:34.000000',2,'a300c1d410a04da5885f7d722ceec380'),
(14,'eyJhbGciOiJIUzI1NiIsInR5cCI6IkpXVCJ9.eyJ0b2tlbl90eXBlIjoicmVmcmVzaCIsImV4cCI6MTc3NDE2MTE3OSwiaWF0IjoxNzc0MDc0Nzc5LCJqdGkiOiI2ZDM4YjNiNGJkYzE0ODgxODJjZTc2Y2M2ZDFkYTllZiIsInVzZXJfaWQiOjJ9.hOyqeruzwbIbl2j170JVuW5vYiMiLPZg8WrHeZDp35U','2026-03-21 06:32:59.354961','2026-03-22 06:32:59.000000',2,'6d38b3b4bdc1488182ce76cc6d1da9ef'),
(15,'eyJhbGciOiJIUzI1NiIsInR5cCI6IkpXVCJ9.eyJ0b2tlbl90eXBlIjoicmVmcmVzaCIsImV4cCI6MTc3NDE2MjcyNywiaWF0IjoxNzc0MDc2MzI3LCJqdGkiOiIwM2I2NTI0NDVhOTI0MTMxYmE4OWFhOTg5OTgzNTE5YiIsInVzZXJfaWQiOjN9.pkI_3FU0PVX0wI56go5nG9r01nGsIffDCFTPj47aQHc','2026-03-21 06:58:47.836009','2026-03-22 06:58:47.000000',NULL,'03b652445a924131ba89aa989983519b'),
(16,'eyJhbGciOiJIUzI1NiIsInR5cCI6IkpXVCJ9.eyJ0b2tlbl90eXBlIjoicmVmcmVzaCIsImV4cCI6MTc3NDE2MzEwMiwiaWF0IjoxNzc0MDc2NzAyLCJqdGkiOiI3YjQzMzU1OTQ1MjY0N2ViYTgyNjJlOTNhM2I2YjkyMSIsInVzZXJfaWQiOjF9.X5eDYnoC4l65qXELpvTQcjmHtwxnrFXtRFZjHWHXCUM','2026-03-21 07:05:02.399807','2026-03-22 07:05:02.000000',1,'7b433559452647eba8262e93a3b6b921'),
(17,'eyJhbGciOiJIUzI1NiIsInR5cCI6IkpXVCJ9.eyJ0b2tlbl90eXBlIjoicmVmcmVzaCIsImV4cCI6MTc3NDE2NDg4OCwiaWF0IjoxNzc0MDc4NDg4LCJqdGkiOiI4MGY1YTAwN2QwYTY0ZmVjOGQ4YmFmYTgzOTcxY2NlZiIsInVzZXJfaWQiOjJ9.auFiS4vHBdSGO3FngrGRyHW_gIXH-gzHB3laPZAdq8k','2026-03-21 07:34:48.134803','2026-03-22 07:34:48.000000',2,'80f5a007d0a64fec8d8bafa83971ccef'),
(18,'eyJhbGciOiJIUzI1NiIsInR5cCI6IkpXVCJ9.eyJ0b2tlbl90eXBlIjoicmVmcmVzaCIsImV4cCI6MTc3NDE2NTA5OCwiaWF0IjoxNzc0MDc4Njk4LCJqdGkiOiJiNzhmYmYxYTYwMTE0MzY3YjQ5Nzk2YjVjM2Q5ZDg0NyIsInVzZXJfaWQiOjF9.1XIwU9Wq3oBUktadWCTkQUzjvZ-eTB5bN5e50Z_t1LY','2026-03-21 07:38:18.970194','2026-03-22 07:38:18.000000',1,'b78fbf1a60114367b49796b5c3d9d847'),
(19,'eyJhbGciOiJIUzI1NiIsInR5cCI6IkpXVCJ9.eyJ0b2tlbl90eXBlIjoicmVmcmVzaCIsImV4cCI6MTc3NDE2NTI2OCwiaWF0IjoxNzc0MDc4ODY4LCJqdGkiOiJkN2Q5YjUwYTE2OGY0MDkzODE4NmMxM2I3YmNlYmVjNSIsInVzZXJfaWQiOjF9.868tuB8G6Sl03xP9M1ako6XCcUz9RrgfsxSH1stN96U','2026-03-21 07:41:08.428864','2026-03-22 07:41:08.000000',1,'d7d9b50a168f40938186c13b7bcebec5'),
(20,'eyJhbGciOiJIUzI1NiIsInR5cCI6IkpXVCJ9.eyJ0b2tlbl90eXBlIjoicmVmcmVzaCIsImV4cCI6MTc3NDE2NzU5NSwiaWF0IjoxNzc0MDgxMTk1LCJqdGkiOiI4NTdjZjk2Njk3Njk0MjExOGM4ZWFjNmUyNjFhMDFlMyIsInVzZXJfaWQiOjF9.tkA2LuObn928xOeqn_ZrcgO0gb1A3j40IfRNem7SBus','2026-03-21 08:19:55.252775','2026-03-22 08:19:55.000000',1,'857cf966976942118c8eac6e261a01e3'),
(21,'eyJhbGciOiJIUzI1NiIsInR5cCI6IkpXVCJ9.eyJ0b2tlbl90eXBlIjoicmVmcmVzaCIsImV4cCI6MTc3NDE2ODM3OCwiaWF0IjoxNzc0MDgxOTc4LCJqdGkiOiIxMmE1Y2JiMGMwZDQ0YTFmOTM2YTcxYzA1YjI1NzdkZCIsInVzZXJfaWQiOjF9.j_YuoJ7Ylim5cwdIM_Itjq7zz0oIkvAn7tTU5eJPgHI','2026-03-21 08:32:58.327216','2026-03-22 08:32:58.000000',1,'12a5cbb0c0d44a1f936a71c05b2577dd'),
(22,'eyJhbGciOiJIUzI1NiIsInR5cCI6IkpXVCJ9.eyJ0b2tlbl90eXBlIjoicmVmcmVzaCIsImV4cCI6MTc3NDIzMDA3NiwiaWF0IjoxNzc0MTQzNjc2LCJqdGkiOiI0YTljNmY5NDI4YzY0M2Q0YTYyY2FmZmZhYzIwNTFlNCIsInVzZXJfaWQiOjF9._DmQo2UuiWimUJEra_q6_y1teArzdTIhJPqhHmgvUFM','2026-03-22 01:41:16.219201','2026-03-23 01:41:16.000000',1,'4a9c6f9428c643d4a62cafffac2051e4'),
(23,'eyJhbGciOiJIUzI1NiIsInR5cCI6IkpXVCJ9.eyJ0b2tlbl90eXBlIjoicmVmcmVzaCIsImV4cCI6MTc3NDIzMDEyNSwiaWF0IjoxNzc0MTQzNzI1LCJqdGkiOiJkYzk2MjBkZGYxNGY0MTY1YjViNTM2YzEyOTBhYWQxNCIsInVzZXJfaWQiOjJ9.XeaXe1iUgsxDgWXrhPIcDlyRZHp6sqBuFtL5TqAxQhY','2026-03-22 01:42:05.629788','2026-03-23 01:42:05.000000',2,'dc9620ddf14f4165b5b536c1290aad14'),
(24,'eyJhbGciOiJIUzI1NiIsInR5cCI6IkpXVCJ9.eyJ0b2tlbl90eXBlIjoicmVmcmVzaCIsImV4cCI6MTc3NDIzNDcxMCwiaWF0IjoxNzc0MTQ4MzEwLCJqdGkiOiI5ODExNWU0NDIyYzM0MzRhOWRiMWIwNWFiNjNkNzE5YiIsInVzZXJfaWQiOjF9.QYrgN-y7SuYkR-XpC0zR9Q6ea8us9m4-EpnizT1X5JQ','2026-03-22 02:58:30.154161','2026-03-23 02:58:30.000000',1,'98115e4422c3434a9db1b05ab63d719b'),
(25,'eyJhbGciOiJIUzI1NiIsInR5cCI6IkpXVCJ9.eyJ0b2tlbl90eXBlIjoicmVmcmVzaCIsImV4cCI6MTc3NDIzNDg4OCwiaWF0IjoxNzc0MTQ4NDg4LCJqdGkiOiI3N2NjMDg5ZDU5MDE0NjMyYTdkNTQ4MGFiNDkzNGRiNSIsInVzZXJfaWQiOjF9.G6nDU5pUiMfopx-7MOtOzP0EW_J0C0WaZtvZM1lMsNs','2026-03-22 03:01:28.009288','2026-03-23 03:01:28.000000',1,'77cc089d59014632a7d5480ab4934db5'),
(26,'eyJhbGciOiJIUzI1NiIsInR5cCI6IkpXVCJ9.eyJ0b2tlbl90eXBlIjoicmVmcmVzaCIsImV4cCI6MTc3NDIzNDg4OCwiaWF0IjoxNzc0MTQ4NDg4LCJqdGkiOiJjMzIyZGFiZTI5YTQ0NDM3ODYwYWYxZmVhMjg5NzE2MyIsInVzZXJfaWQiOjF9.Tn464hmyv1ZnDptDinDKplrcSjV5sfOuddhWlHPtkPg','2026-03-22 03:01:28.862132','2026-03-23 03:01:28.000000',1,'c322dabe29a44437860af1fea2897163'),
(27,'eyJhbGciOiJIUzI1NiIsInR5cCI6IkpXVCJ9.eyJ0b2tlbl90eXBlIjoicmVmcmVzaCIsImV4cCI6MTc3NDIzNDk0OSwiaWF0IjoxNzc0MTQ4NTQ5LCJqdGkiOiI3MDdlZGIxMGRkNDI0NWY4ODE3Y2Y5MmNmOGVjNjdhNyIsInVzZXJfaWQiOjF9.l8z6OD-0uea7SaAAad7HJJXA24Ul9knobV3ZrJFOLPg','2026-03-22 03:02:29.628858','2026-03-23 03:02:29.000000',1,'707edb10dd4245f8817cf92cf8ec67a7'),
(28,'eyJhbGciOiJIUzI1NiIsInR5cCI6IkpXVCJ9.eyJ0b2tlbl90eXBlIjoicmVmcmVzaCIsImV4cCI6MTc3NDIzNDk3MiwiaWF0IjoxNzc0MTQ4NTcyLCJqdGkiOiJmMDU4MjU1ZjU4ZTc0MzBhOGI2MTBiYjdmYzZjMDVlOCIsInVzZXJfaWQiOjF9.Ol14jBMpZtjGIqixGV8V6jnluLLuXMEWhToJPF9B2cs','2026-03-22 03:02:52.644672','2026-03-23 03:02:52.000000',1,'f058255f58e7430a8b610bb7fc6c05e8'),
(29,'eyJhbGciOiJIUzI1NiIsInR5cCI6IkpXVCJ9.eyJ0b2tlbl90eXBlIjoicmVmcmVzaCIsImV4cCI6MTc3NDIzNTAwNCwiaWF0IjoxNzc0MTQ4NjA0LCJqdGkiOiI4ZmUwYzZmYjBkNTM0MjQzYmY5ZjY4OThkNWJlNTk0ZSIsInVzZXJfaWQiOjF9.ichqoF5J7ZaKsERIEo7_18g2sCLuVesjf0L3TSOuEfY','2026-03-22 03:03:24.951790','2026-03-23 03:03:24.000000',1,'8fe0c6fb0d534243bf9f6898d5be594e'),
(30,'eyJhbGciOiJIUzI1NiIsInR5cCI6IkpXVCJ9.eyJ0b2tlbl90eXBlIjoicmVmcmVzaCIsImV4cCI6MTc3NDIzNTAzNCwiaWF0IjoxNzc0MTQ4NjM0LCJqdGkiOiIyMWI4ZDlkMmMzMjY0ZjJlYjU5MmJiYjZlMmI1M2Y3YSIsInVzZXJfaWQiOjF9.AwfroMFUqrvl6yzxYaYkhKc8M59SNExKkx1RsgP9eSE','2026-03-22 03:03:54.450484','2026-03-23 03:03:54.000000',1,'21b8d9d2c3264f2eb592bbb6e2b53f7a'),
(31,'eyJhbGciOiJIUzI1NiIsInR5cCI6IkpXVCJ9.eyJ0b2tlbl90eXBlIjoicmVmcmVzaCIsImV4cCI6MTc3NDIzNTQ1MywiaWF0IjoxNzc0MTQ5MDUzLCJqdGkiOiI3ZjQzZTA4YzJlZGI0NDlmYmExZmNkZTVjNjFhMTc4NSIsInVzZXJfaWQiOjF9.mQHi6dyf4SKfco-zGaYyyk8XlCMIO0R-wmdHLGFKeYs','2026-03-22 03:10:53.403525','2026-03-23 03:10:53.000000',1,'7f43e08c2edb449fba1fcde5c61a1785'),
(32,'eyJhbGciOiJIUzI1NiIsInR5cCI6IkpXVCJ9.eyJ0b2tlbl90eXBlIjoicmVmcmVzaCIsImV4cCI6MTc3NDIzNTQ1MywiaWF0IjoxNzc0MTQ5MDUzLCJqdGkiOiJjNDI3YTQyZWE0NWI0NGZhODA0OGFiMjQxMDM4MjhkYyIsInVzZXJfaWQiOjV9.I2-1laidu3rr0IUwnS3kqdA6zn8IsbyJqEvogQZXeRc','2026-03-22 03:10:53.692506','2026-03-23 03:10:53.000000',NULL,'c427a42ea45b44fa8048ab24103828dc'),
(33,'eyJhbGciOiJIUzI1NiIsInR5cCI6IkpXVCJ9.eyJ0b2tlbl90eXBlIjoicmVmcmVzaCIsImV4cCI6MTc3NDIzNTQ1NCwiaWF0IjoxNzc0MTQ5MDU0LCJqdGkiOiI0MDIwZjQ1ODBhNDU0YTkzYmZiZTAzYTFmZTljZDZhYiIsInVzZXJfaWQiOjZ9.rEWJSThF6z6DkGO1t-0K3yVNzowFmyMHV0gAEV3YAD0','2026-03-22 03:10:54.447098','2026-03-23 03:10:54.000000',NULL,'4020f4580a454a93bfbe03a1fe9cd6ab'),
(34,'eyJhbGciOiJIUzI1NiIsInR5cCI6IkpXVCJ9.eyJ0b2tlbl90eXBlIjoicmVmcmVzaCIsImV4cCI6MTc3NDIzNTQ1NiwiaWF0IjoxNzc0MTQ5MDU2LCJqdGkiOiI2YmE5OWQyOWI5OTA0YjM4OGRlZDQwNzk1NTBhMTRlNCIsInVzZXJfaWQiOjF9.9xqRM1AhcJIwJSViFTbYIDUbESSXAcLW9ttofUmGNbQ','2026-03-22 03:10:56.577224','2026-03-23 03:10:56.000000',1,'6ba99d29b9904b388ded4079550a14e4'),
(35,'eyJhbGciOiJIUzI1NiIsInR5cCI6IkpXVCJ9.eyJ0b2tlbl90eXBlIjoicmVmcmVzaCIsImV4cCI6MTc3NDIzNjA2NywiaWF0IjoxNzc0MTQ5NjY3LCJqdGkiOiJkZWI3MzYwODZkZTY0YTRhOWNlNGY3ZGQ2MDJlMjEzMyIsInVzZXJfaWQiOjF9.6GLVLAZoWa_4hyjSlUNStfxuqxUnke2JnNZdr8wdhWU','2026-03-22 03:21:07.441165','2026-03-23 03:21:07.000000',1,'deb736086de64a4a9ce4f7dd602e2133'),
(36,'eyJhbGciOiJIUzI1NiIsInR5cCI6IkpXVCJ9.eyJ0b2tlbl90eXBlIjoicmVmcmVzaCIsImV4cCI6MTc3NDIzNjA4OSwiaWF0IjoxNzc0MTQ5Njg5LCJqdGkiOiIxYWMwNjgzMGI2NmU0NTcxODhmZjY4ZGMyNTExMTU1ZSIsInVzZXJfaWQiOjF9.4nzubGIHYzTDAOphqnUfAdbpr_LWEv1-1-H7Rk2JuG8','2026-03-22 03:21:29.309056','2026-03-23 03:21:29.000000',1,'1ac06830b66e457188ff68dc2511155e'),
(37,'eyJhbGciOiJIUzI1NiIsInR5cCI6IkpXVCJ9.eyJ0b2tlbl90eXBlIjoicmVmcmVzaCIsImV4cCI6MTc3NDIzNjA5MCwiaWF0IjoxNzc0MTQ5NjkwLCJqdGkiOiI4MzEyODg0MGQ2MjU0MTQzYWMzMzljYTUyNTdlNmU5MiIsInVzZXJfaWQiOjV9.3UPC_nryot4aqJq46yyRJA-Mawvf6272anGOLsO2oOE','2026-03-22 03:21:30.086724','2026-03-23 03:21:30.000000',NULL,'83128840d6254143ac339ca5257e6e92'),
(38,'eyJhbGciOiJIUzI1NiIsInR5cCI6IkpXVCJ9.eyJ0b2tlbl90eXBlIjoicmVmcmVzaCIsImV4cCI6MTc3NDIzNjA5MCwiaWF0IjoxNzc0MTQ5NjkwLCJqdGkiOiIyZTgzZjhjMGFhNzA0ZDMxODY1MzRjNWVlOWNjYzg1OSIsInVzZXJfaWQiOjZ9.e-YOhpGRZsOd3D_45V-6DzEPA5FjrO5MZlX2EHxxaZk','2026-03-22 03:21:30.160710','2026-03-23 03:21:30.000000',NULL,'2e83f8c0aa704d3186534c5ee9ccc859'),
(39,'eyJhbGciOiJIUzI1NiIsInR5cCI6IkpXVCJ9.eyJ0b2tlbl90eXBlIjoicmVmcmVzaCIsImV4cCI6MTc3NDIzNjA5MSwiaWF0IjoxNzc0MTQ5NjkxLCJqdGkiOiI4NGQxZWE3NmMxMGM0ZDNmOThhZjU5ODc1YmVjOGViNiIsInVzZXJfaWQiOjF9.4X6SKejrcJ7YLF_UX5RpDcEpNHgdOTDFXp0BZWIMQu4','2026-03-22 03:21:31.656585','2026-03-23 03:21:31.000000',1,'84d1ea76c10c4d3f98af59875bec8eb6'),
(40,'eyJhbGciOiJIUzI1NiIsInR5cCI6IkpXVCJ9.eyJ0b2tlbl90eXBlIjoicmVmcmVzaCIsImV4cCI6MTc3NDIzNjE2MSwiaWF0IjoxNzc0MTQ5NzYxLCJqdGkiOiI4NGU2OWY4ZDQwYjE0YWVjYmVjZmVkMjJjNmE5MTlmYiIsInVzZXJfaWQiOjF9.JZ7aWDI5LlJfm53cLCkDtftBpPLrvf70dCyCheyFy-0','2026-03-22 03:22:41.086861','2026-03-23 03:22:41.000000',1,'84e69f8d40b14aecbecfed22c6a919fb'),
(41,'eyJhbGciOiJIUzI1NiIsInR5cCI6IkpXVCJ9.eyJ0b2tlbl90eXBlIjoicmVmcmVzaCIsImV4cCI6MTc3NDIzNjQ0MiwiaWF0IjoxNzc0MTUwMDQyLCJqdGkiOiIwMzM3NjQ1ZTkxMDQ0NmVjYWRmODE0MjIxY2NmYjU2MyIsInVzZXJfaWQiOjF9.Z3UdcneevAUcJJkzs-BtC9W3hUAGB6ypaTvK1uYV_ec','2026-03-22 03:27:22.371246','2026-03-23 03:27:22.000000',1,'0337645e910446ecadf814221ccfb563'),
(42,'eyJhbGciOiJIUzI1NiIsInR5cCI6IkpXVCJ9.eyJ0b2tlbl90eXBlIjoicmVmcmVzaCIsImV4cCI6MTc3NDIzNjQ0NCwiaWF0IjoxNzc0MTUwMDQ0LCJqdGkiOiIwNjJlMDg4MmJiZGE0MDYyYWZiMTgxNThjYzRhNzNjMiIsInVzZXJfaWQiOjd9.m2OubkTm80Ph-24OCr77enPjO9CfW-ghMNZ7j1ekyFs','2026-03-22 03:27:24.276678','2026-03-23 03:27:24.000000',NULL,'062e0882bbda4062afb18158cc4a73c2'),
(43,'eyJhbGciOiJIUzI1NiIsInR5cCI6IkpXVCJ9.eyJ0b2tlbl90eXBlIjoicmVmcmVzaCIsImV4cCI6MTc3NDIzNjQ0NCwiaWF0IjoxNzc0MTUwMDQ0LCJqdGkiOiI0OWExM2VhYmY4Mzk0YmVjOTlkMTIzNzFmMGM0OWRkMyIsInVzZXJfaWQiOjh9.AC73TVqDoWOWz-QUlOLiY0YMJNOV046mEY-0zrDBX1E','2026-03-22 03:27:24.430106','2026-03-23 03:27:24.000000',NULL,'49a13eabf8394bec99d12371f0c49dd3'),
(44,'eyJhbGciOiJIUzI1NiIsInR5cCI6IkpXVCJ9.eyJ0b2tlbl90eXBlIjoicmVmcmVzaCIsImV4cCI6MTc3NDIzNjQ0NSwiaWF0IjoxNzc0MTUwMDQ1LCJqdGkiOiIzM2ZhMWQyYTIyZTc0YTMxYjYxYTgyNGM2ZTBjZWFlOCIsInVzZXJfaWQiOjF9.QbACnkMie2SbkDJas44GSNXLvTdlzv3bmcemDNeZBSw','2026-03-22 03:27:25.275020','2026-03-23 03:27:25.000000',1,'33fa1d2a22e74a31b61a824c6e0ceae8'),
(45,'eyJhbGciOiJIUzI1NiIsInR5cCI6IkpXVCJ9.eyJ0b2tlbl90eXBlIjoicmVmcmVzaCIsImV4cCI6MTc3NDIzNjQ4NCwiaWF0IjoxNzc0MTUwMDg0LCJqdGkiOiJiM2Y5YWNkMzczMTU0MTJiOWYyMGY4NmQ4N2Y2OGFjYiIsInVzZXJfaWQiOjF9.EPu8btqXF7dKluRdrHawnDWnqv_Pg4dIwId1m3ZN_TY','2026-03-22 03:28:04.502382','2026-03-23 03:28:04.000000',1,'b3f9acd37315412b9f20f86d87f68acb'),
(46,'eyJhbGciOiJIUzI1NiIsInR5cCI6IkpXVCJ9.eyJ0b2tlbl90eXBlIjoicmVmcmVzaCIsImV4cCI6MTc3NDIzNjQ4NCwiaWF0IjoxNzc0MTUwMDg0LCJqdGkiOiIwNzhjZDEwMTk4YWY0ZDA5OWQyZTc1NmQxZGRlZWE5MSIsInVzZXJfaWQiOjl9.sjjm8wzX0DGLxoLcI2AJFzJSBT-eUUZaleAp_epffik','2026-03-22 03:28:04.691856','2026-03-23 03:28:04.000000',NULL,'078cd10198af4d099d2e756d1ddeea91'),
(47,'eyJhbGciOiJIUzI1NiIsInR5cCI6IkpXVCJ9.eyJ0b2tlbl90eXBlIjoicmVmcmVzaCIsImV4cCI6MTc3NDIzNjQ4NCwiaWF0IjoxNzc0MTUwMDg0LCJqdGkiOiJjYjE0ZWJjN2QyMzQ0YmQzYWE3OTdhODkxMTBhOGFkYiIsInVzZXJfaWQiOjEwfQ.eFRyIhpZQdEhGK33h_BCShUY9GRaRkKTSTZhsnA_tUo','2026-03-22 03:28:04.802311','2026-03-23 03:28:04.000000',NULL,'cb14ebc7d2344bd3aa797a89110a8adb'),
(48,'eyJhbGciOiJIUzI1NiIsInR5cCI6IkpXVCJ9.eyJ0b2tlbl90eXBlIjoicmVmcmVzaCIsImV4cCI6MTc3NDIzNjQ4NSwiaWF0IjoxNzc0MTUwMDg1LCJqdGkiOiJjMmIwMjJmY2RmY2M0ZGZkOTFiYmFmOTVlZGE3YzQ2MiIsInVzZXJfaWQiOjF9.uxolv_KjcFvVZ-tK9hbyekxfS7i8pDIUz2paLOUGBk8','2026-03-22 03:28:05.610326','2026-03-23 03:28:05.000000',1,'c2b022fcdfcc4dfd91bbaf95eda7c462'),
(49,'eyJhbGciOiJIUzI1NiIsInR5cCI6IkpXVCJ9.eyJ0b2tlbl90eXBlIjoicmVmcmVzaCIsImV4cCI6MTc3NDI2OTA2OSwiaWF0IjoxNzc0MTgyNjY5LCJqdGkiOiI5Y2NiNWVkYWNjMDg0ZTk3OTcxNzMwZDI4MGE4MWQxYyIsInVzZXJfaWQiOjF9.dAlmCRsfWh8to64HmCuj-CMAzswzfRpUpWnojjcOscM','2026-03-22 12:31:09.798162','2026-03-23 12:31:09.000000',1,'9ccb5edacc084e97971730d280a81d1c'),
(50,'eyJhbGciOiJIUzI1NiIsInR5cCI6IkpXVCJ9.eyJ0b2tlbl90eXBlIjoicmVmcmVzaCIsImV4cCI6MTc3NDI2OTU3NiwiaWF0IjoxNzc0MTgzMTc2LCJqdGkiOiIxMWM5MTNkMzU1MjQ0OTUyOTgwYTU4YzAyZTk0OWM1MCIsInVzZXJfaWQiOjF9.OE6G4bNQZcBydoEfGZYWEOV6B3Be7k3iBLbgjACN_DI','2026-03-22 12:39:36.226783','2026-03-23 12:39:36.000000',1,'11c913d355244952980a58c02e949c50'),
(51,'eyJhbGciOiJIUzI1NiIsInR5cCI6IkpXVCJ9.eyJ0b2tlbl90eXBlIjoicmVmcmVzaCIsImV4cCI6MTc3NDI2OTU3NiwiaWF0IjoxNzc0MTgzMTc2LCJqdGkiOiJlMjMzYzMzYjY4MWE0YWYzOWJlYmZmNmRjNjFhMWMxZCIsInVzZXJfaWQiOjF9.-42O1BvEFksSNwBpCdSicNgl-coDGHbTEkw0TrBpfuE','2026-03-22 12:39:36.328725','2026-03-23 12:39:36.000000',1,'e233c33b681a4af39bebff6dc61a1c1d'),
(52,'eyJhbGciOiJIUzI1NiIsInR5cCI6IkpXVCJ9.eyJ0b2tlbl90eXBlIjoicmVmcmVzaCIsImV4cCI6MTc3NDI2OTY4MSwiaWF0IjoxNzc0MTgzMjgxLCJqdGkiOiJiY2U5ZDJlZmVkMDA0NzQzOTcwNDg0NDFjMmY0Zjk1YSIsInVzZXJfaWQiOjF9.eXiAvI5UaXX-b4GM9FZXXRohAr7FVgkevGv6wtrSF7w','2026-03-22 12:41:21.311246','2026-03-23 12:41:21.000000',1,'bce9d2efed00474397048441c2f4f95a'),
(53,'eyJhbGciOiJIUzI1NiIsInR5cCI6IkpXVCJ9.eyJ0b2tlbl90eXBlIjoicmVmcmVzaCIsImV4cCI6MTc3NDI2OTY4MSwiaWF0IjoxNzc0MTgzMjgxLCJqdGkiOiI5MjU0OTA3ZTdkNDg0YTU3YmNmZTU5MTE3ZDY5ZThkZiIsInVzZXJfaWQiOjF9.dNOVBpKRpVICbQ2VTt1_NmQ0b6wpZRIIiKpnzpQsIQc','2026-03-22 12:41:21.963172','2026-03-23 12:41:21.000000',1,'9254907e7d484a57bcfe59117d69e8df'),
(54,'eyJhbGciOiJIUzI1NiIsInR5cCI6IkpXVCJ9.eyJ0b2tlbl90eXBlIjoicmVmcmVzaCIsImV4cCI6MTc3NDI2OTY4MiwiaWF0IjoxNzc0MTgzMjgyLCJqdGkiOiI2OWJmOGEzMWUxYTE0MTBmYTQzMmQzM2RkNGI3ZGE3NiIsInVzZXJfaWQiOjF9.NLu9HneSdbrcdFHdrWBE3W3DHv19ABAUMXl4kQ9_BGA','2026-03-22 12:41:22.045622','2026-03-23 12:41:22.000000',1,'69bf8a31e1a1410fa432d33dd4b7da76'),
(55,'eyJhbGciOiJIUzI1NiIsInR5cCI6IkpXVCJ9.eyJ0b2tlbl90eXBlIjoicmVmcmVzaCIsImV4cCI6MTc3NDI2OTg0NiwiaWF0IjoxNzc0MTgzNDQ2LCJqdGkiOiJhZTNlMjk4ZDU0NWI0M2NiOTQyOGIzOTE2YzYwYjg1NCIsInVzZXJfaWQiOjF9.96vNG8TBS9XcNUmbGesvAp-mABmBNqDMUoO4GbcyPXA','2026-03-22 12:44:06.066381','2026-03-23 12:44:06.000000',1,'ae3e298d545b43cb9428b3916c60b854'),
(56,'eyJhbGciOiJIUzI1NiIsInR5cCI6IkpXVCJ9.eyJ0b2tlbl90eXBlIjoicmVmcmVzaCIsImV4cCI6MTc3NDI2OTg0NiwiaWF0IjoxNzc0MTgzNDQ2LCJqdGkiOiIyNzVlN2JhNzI1NmQ0MmNhYWM4NDcxZjA0YzYxMjRjMSIsInVzZXJfaWQiOjF9.3TsdpUKHHpjL_djhaPKSSt7QgmlsLIJjobVJNfdqGrw','2026-03-22 12:44:06.153567','2026-03-23 12:44:06.000000',1,'275e7ba7256d42caac8471f04c6124c1'),
(57,'eyJhbGciOiJIUzI1NiIsInR5cCI6IkpXVCJ9.eyJ0b2tlbl90eXBlIjoicmVmcmVzaCIsImV4cCI6MTc3NDI2OTg0NiwiaWF0IjoxNzc0MTgzNDQ2LCJqdGkiOiI3NWZhOThiMzAxYWU0N2VkOGJhNTBiM2FmMzgwYjYzZiIsInVzZXJfaWQiOjF9.di6p88QS2kHteAniZV6PM9gTzkeSW6Xe_SruAxJeGvw','2026-03-22 12:44:06.233394','2026-03-23 12:44:06.000000',1,'75fa98b301ae47ed8ba50b3af380b63f'),
(58,'eyJhbGciOiJIUzI1NiIsInR5cCI6IkpXVCJ9.eyJ0b2tlbl90eXBlIjoicmVmcmVzaCIsImV4cCI6MTc3NDI2OTg2NSwiaWF0IjoxNzc0MTgzNDY1LCJqdGkiOiI5NjBjYWQxZmQ0YmM0ZWI0ODk3MTBkNTFmOGUzNjI1ZCIsInVzZXJfaWQiOjF9.ee1Z-WoNcB7Pgrv97S_fdJDHqy4m39LSJVAAY0bSM6s','2026-03-22 12:44:25.731306','2026-03-23 12:44:25.000000',1,'960cad1fd4bc4eb489710d51f8e3625d'),
(59,'eyJhbGciOiJIUzI1NiIsInR5cCI6IkpXVCJ9.eyJ0b2tlbl90eXBlIjoicmVmcmVzaCIsImV4cCI6MTc3NDI2OTg3NywiaWF0IjoxNzc0MTgzNDc3LCJqdGkiOiJiNWJmMzkxMmFkYjE0YzQ3YTJhNDBjMjFiN2ZhNmFjZCIsInVzZXJfaWQiOjF9.mr-quaLfuP92y8R31BDOfGV610QeYB19yyDnFOJu628','2026-03-22 12:44:37.347307','2026-03-23 12:44:37.000000',1,'b5bf3912adb14c47a2a40c21b7fa6acd'),
(60,'eyJhbGciOiJIUzI1NiIsInR5cCI6IkpXVCJ9.eyJ0b2tlbl90eXBlIjoicmVmcmVzaCIsImV4cCI6MTc3NDI2OTg5MCwiaWF0IjoxNzc0MTgzNDkwLCJqdGkiOiI4YjRmODRhZDQyMTA0ZjI0YmE4ZTk3OTBhYWY3YmE3YSIsInVzZXJfaWQiOjF9.EdkLGDoZaUubtqrFVY_M-i3KK0l_FP9ogT0Ikab7-AM','2026-03-22 12:44:50.442952','2026-03-23 12:44:50.000000',1,'8b4f84ad42104f24ba8e9790aaf7ba7a'),
(61,'eyJhbGciOiJIUzI1NiIsInR5cCI6IkpXVCJ9.eyJ0b2tlbl90eXBlIjoicmVmcmVzaCIsImV4cCI6MTc3NDI2OTg5MCwiaWF0IjoxNzc0MTgzNDkwLCJqdGkiOiIyNWVkOWJhNTU4NDY0NjRkOTU3NGRmYjBmZTFiYTMwMyIsInVzZXJfaWQiOjZ9.4-d_dZpGu_l5UK937KPSdDsaf9_MymUzGvZSOOdB5Zw','2026-03-22 12:44:50.513113','2026-03-23 12:44:50.000000',NULL,'25ed9ba55846464d9574dfb0fe1ba303'),
(62,'eyJhbGciOiJIUzI1NiIsInR5cCI6IkpXVCJ9.eyJ0b2tlbl90eXBlIjoicmVmcmVzaCIsImV4cCI6MTc3NDI2OTkzMSwiaWF0IjoxNzc0MTgzNTMxLCJqdGkiOiJhMGM4MjU1NjJiMzI0MDA4YThhODk4ZTQwMzI1MmVkZCIsInVzZXJfaWQiOjF9.K9Kd1vWz_bhwmJ4J17yRxtfnW_m-BKCjwPu-m-KX5mo','2026-03-22 12:45:31.598467','2026-03-23 12:45:31.000000',1,'a0c825562b324008a8a898e403252edd'),
(63,'eyJhbGciOiJIUzI1NiIsInR5cCI6IkpXVCJ9.eyJ0b2tlbl90eXBlIjoicmVmcmVzaCIsImV4cCI6MTc3NDI3MDUzNCwiaWF0IjoxNzc0MTg0MTM0LCJqdGkiOiIyNWFlZDQ5NTEwOGI0MDFjODg4ZWIzOGY3YWE0N2U5YiIsInVzZXJfaWQiOjF9.Mq-Xf_lFmQclpJbqB-2WbjrBZPkVdBsMI8iEjGMFcOU','2026-03-22 12:55:34.999677','2026-03-23 12:55:34.000000',1,'25aed495108b401c888eb38f7aa47e9b'),
(64,'eyJhbGciOiJIUzI1NiIsInR5cCI6IkpXVCJ9.eyJ0b2tlbl90eXBlIjoicmVmcmVzaCIsImV4cCI6MTc3NDI3Mzk3MCwiaWF0IjoxNzc0MTg3NTcwLCJqdGkiOiJhNWRiNTNkY2RlYmY0OTliODdkNmE3OWY5NjY0MmY1NiIsInVzZXJfaWQiOjF9.XSQqpi9iNsmeaa-hBPJEFVCAoRQ1GFB-_AkBrfyN-_Q','2026-03-22 13:52:50.828603','2026-03-23 13:52:50.000000',1,'a5db53dcdebf499b87d6a79f96642f56'),
(65,'eyJhbGciOiJIUzI1NiIsInR5cCI6IkpXVCJ9.eyJ0b2tlbl90eXBlIjoicmVmcmVzaCIsImV4cCI6MTc3NDI3Mzk5MSwiaWF0IjoxNzc0MTg3NTkxLCJqdGkiOiI3OGVmZTc5NjFjNGE0NTZkOGUyYTk0MzczNzE0MDJlMiIsInVzZXJfaWQiOjF9.8BKaN5iWo2ljUZgSe9R9BFDd19J9ykNiPCdTVJvpWP0','2026-03-22 13:53:11.063779','2026-03-23 13:53:11.000000',1,'78efe7961c4a456d8e2a9437371402e2'),
(66,'eyJhbGciOiJIUzI1NiIsInR5cCI6IkpXVCJ9.eyJ0b2tlbl90eXBlIjoicmVmcmVzaCIsImV4cCI6MTc3NDI3NDAxOSwiaWF0IjoxNzc0MTg3NjE5LCJqdGkiOiI1YmJiNjBiMDQ4MjM0MzQyYjNjOWNiMDZmNWJmZWFjYyIsInVzZXJfaWQiOjJ9.Rb5QEt3C0O2ulMi7dPlhLspbFfvehj0nfOgvJ1AdKVY','2026-03-22 13:53:39.903091','2026-03-23 13:53:39.000000',2,'5bbb60b048234342b3c9cb06f5bfeacc'),
(67,'eyJhbGciOiJIUzI1NiIsInR5cCI6IkpXVCJ9.eyJ0b2tlbl90eXBlIjoicmVmcmVzaCIsImV4cCI6MTc3NDI3NDA0MSwiaWF0IjoxNzc0MTg3NjQxLCJqdGkiOiIyZDVmMWRjZmQwN2M0ZjRlOTE0YWU2ODQ0YjcxOTRjNiIsInVzZXJfaWQiOjF9.DhSxfsOhB2ujWQxmu6jMkNWVnNduXctcpPdIQBLgKfA','2026-03-22 13:54:01.039626','2026-03-23 13:54:01.000000',1,'2d5f1dcfd07c4f4e914ae6844b7194c6'),
(68,'eyJhbGciOiJIUzI1NiIsInR5cCI6IkpXVCJ9.eyJ0b2tlbl90eXBlIjoicmVmcmVzaCIsImV4cCI6MTc3NDI3OTA0MSwiaWF0IjoxNzc0MTkyNjQxLCJqdGkiOiJiYjM4MjQ2ZTc0ODc0YmZhYTVkMmU1MDI5MjMzODQ0MCIsInVzZXJfaWQiOjF9.yDk-ZA6F2Sy-QG4RcygQBW1ZOGxImNMrxtuiovPjDCc','2026-03-22 15:17:21.220489','2026-03-23 15:17:21.000000',1,'bb38246e74874bfaa5d2e50292338440'),
(69,'eyJhbGciOiJIUzI1NiIsInR5cCI6IkpXVCJ9.eyJ0b2tlbl90eXBlIjoicmVmcmVzaCIsImV4cCI6MTc3NDI3OTA1MCwiaWF0IjoxNzc0MTkyNjUwLCJqdGkiOiI0YzUxYzgzOTE3MWM0OGMyYWFkYzc0NDhhY2QyN2YwZCIsInVzZXJfaWQiOjF9.4xjAv8OAyqFQd0IZjymSaPPvBsudKA6jSg_tlb3WxAw','2026-03-22 15:17:30.171835','2026-03-23 15:17:30.000000',1,'4c51c839171c48c2aadc7448acd27f0d'),
(70,'eyJhbGciOiJIUzI1NiIsInR5cCI6IkpXVCJ9.eyJ0b2tlbl90eXBlIjoicmVmcmVzaCIsImV4cCI6MTc3NDI3OTA2MywiaWF0IjoxNzc0MTkyNjYzLCJqdGkiOiJhZmQ2ZDYxMzFlNzU0Y2FmYmM1NWM4ZDkyYWY4MjFlZiIsInVzZXJfaWQiOjF9.61b4K2-gAtOFAlW8pXX6CbrBDSYqHtgaMwvuqVHq7Tk','2026-03-22 15:17:43.249247','2026-03-23 15:17:43.000000',1,'afd6d6131e754cafbc55c8d92af821ef'),
(71,'eyJhbGciOiJIUzI1NiIsInR5cCI6IkpXVCJ9.eyJ0b2tlbl90eXBlIjoicmVmcmVzaCIsImV4cCI6MTc3NDI3OTE0OCwiaWF0IjoxNzc0MTkyNzQ4LCJqdGkiOiIyMzFhOTMwODIxMDA0MTdmOTZlMDFmNTE1ZDI5ZWVlMCIsInVzZXJfaWQiOjF9.bnrHNqwdabvtkOXeChfBpvUbDdfzaUMejkc3Zzy0Mio','2026-03-22 15:19:08.399296','2026-03-23 15:19:08.000000',1,'231a93082100417f96e01f515d29eee0'),
(72,'eyJhbGciOiJIUzI1NiIsInR5cCI6IkpXVCJ9.eyJ0b2tlbl90eXBlIjoicmVmcmVzaCIsImV4cCI6MTc3NDI3OTE1OSwiaWF0IjoxNzc0MTkyNzU5LCJqdGkiOiJkY2VjMzJjYWY3ZWQ0YzU2OGUxNmQ1OGY1NmU3YjBhMyIsInVzZXJfaWQiOjF9.LRWkf8pJqQavlQJO6lzduV8ic-ic70eXj_e2KERlYd0','2026-03-22 15:19:19.583189','2026-03-23 15:19:19.000000',1,'dcec32caf7ed4c568e16d58f56e7b0a3'),
(73,'eyJhbGciOiJIUzI1NiIsInR5cCI6IkpXVCJ9.eyJ0b2tlbl90eXBlIjoicmVmcmVzaCIsImV4cCI6MTc3NDI3OTE4MiwiaWF0IjoxNzc0MTkyNzgyLCJqdGkiOiIwNDY0MTJiNGI1YTc0MDI5ODg2ZjAyM2VlOTJhMWQzZCIsInVzZXJfaWQiOjF9.Pxv4QR2DSc2yRi9o4GRCpjYrs8Xy4GZM90ilnfydjxQ','2026-03-22 15:19:42.056536','2026-03-23 15:19:42.000000',1,'046412b4b5a74029886f023ee92a1d3d'),
(74,'eyJhbGciOiJIUzI1NiIsInR5cCI6IkpXVCJ9.eyJ0b2tlbl90eXBlIjoicmVmcmVzaCIsImV4cCI6MTc3NDI3OTE5MiwiaWF0IjoxNzc0MTkyNzkyLCJqdGkiOiI1ZjllZGE3MWNhNTk0MGNkODM1OGQzMTZmN2IwODcyZSIsInVzZXJfaWQiOjF9.XG4hxuRFMdxJc2XLv3h_7_xfFL4q73JwCRXN_-csFpQ','2026-03-22 15:19:52.134704','2026-03-23 15:19:52.000000',1,'5f9eda71ca5940cd8358d316f7b0872e'),
(75,'eyJhbGciOiJIUzI1NiIsInR5cCI6IkpXVCJ9.eyJ0b2tlbl90eXBlIjoicmVmcmVzaCIsImV4cCI6MTc3NDI3OTIwMiwiaWF0IjoxNzc0MTkyODAyLCJqdGkiOiI2MTQyZDBmNjRjN2Y0OTU2OTYzM2NlMzkxOGEyZjIyOSIsInVzZXJfaWQiOjF9.2iZ5Et-CjTJng92CU5S9Bg1_nbmyIVbvQ1PAtJpaAo0','2026-03-22 15:20:02.902276','2026-03-23 15:20:02.000000',1,'6142d0f64c7f49569633ce3918a2f229'),
(76,'eyJhbGciOiJIUzI1NiIsInR5cCI6IkpXVCJ9.eyJ0b2tlbl90eXBlIjoicmVmcmVzaCIsImV4cCI6MTc3NDI3OTI0MiwiaWF0IjoxNzc0MTkyODQyLCJqdGkiOiJhNzg2MzY0ODU0Zjc0NzE2OGY0YWQyMDMxYTVjYWVmYSIsInVzZXJfaWQiOjF9.D7_FWSmO9DPXmzUeX0_xA53bWy2GilZzUKIA6KeIBEA','2026-03-22 15:20:42.732535','2026-03-23 15:20:42.000000',1,'a786364854f747168f4ad2031a5caefa'),
(77,'eyJhbGciOiJIUzI1NiIsInR5cCI6IkpXVCJ9.eyJ0b2tlbl90eXBlIjoicmVmcmVzaCIsImV4cCI6MTc3NDI3OTQyNiwiaWF0IjoxNzc0MTkzMDI2LCJqdGkiOiJjOGZkNTRiYzNmMDE0MjM4Yjg5NTMwODE4YjZjMjY0NiIsInVzZXJfaWQiOjF9.z1BXWyE7_HkNAwZV8TocnmDl230CibuiUkBAbSgLzCk','2026-03-22 15:23:46.345657','2026-03-23 15:23:46.000000',1,'c8fd54bc3f014238b89530818b6c2646'),
(78,'eyJhbGciOiJIUzI1NiIsInR5cCI6IkpXVCJ9.eyJ0b2tlbl90eXBlIjoicmVmcmVzaCIsImV4cCI6MTc3NDMxNDI3OSwiaWF0IjoxNzc0MjI3ODc5LCJqdGkiOiI4ZDQxYjdlZjQ5YmM0NDQ2YjQ1YThkMjdjNmNlZmFiZSIsInVzZXJfaWQiOjF9.ZLj83IGGVD0LU1Mfa0EKpy0sWspOyHrfY0Y5SJUELI0','2026-03-23 01:04:39.015703','2026-03-24 01:04:39.000000',1,'8d41b7ef49bc4446b45a8d27c6cefabe'),
(79,'eyJhbGciOiJIUzI1NiIsInR5cCI6IkpXVCJ9.eyJ0b2tlbl90eXBlIjoicmVmcmVzaCIsImV4cCI6MTc3NDMxNjAxMSwiaWF0IjoxNzc0MjI5NjExLCJqdGkiOiI5MGMzYzhmMmNhZDc0YWU0OTdmZjhlMzhjMzkyNGYxMCIsInVzZXJfaWQiOjF9.igj1YB5JLdYi6yX9xYDsgbh3lKnikPACoQVt8otRg3s','2026-03-23 01:33:31.879688','2026-03-24 01:33:31.000000',1,'90c3c8f2cad74ae497ff8e38c3924f10'),
(80,'eyJhbGciOiJIUzI1NiIsInR5cCI6IkpXVCJ9.eyJ0b2tlbl90eXBlIjoicmVmcmVzaCIsImV4cCI6MTc3NTE0NTM4NiwiaWF0IjoxNzc1MDU4OTg2LCJqdGkiOiI1NzhiODFiYWM0M2E0NWY3YjNjY2IxM2Y4MTk0MmJmNSIsInVzZXJfaWQiOjF9._XKuv7-8zMycACFcgMdNYpplarlApUTA5kvxkKMlG5M','2026-04-01 15:56:26.340409','2026-04-02 15:56:26.000000',1,'578b81bac43a45f7b3ccb13f81942bf5'),
(81,'eyJhbGciOiJIUzI1NiIsInR5cCI6IkpXVCJ9.eyJ0b2tlbl90eXBlIjoicmVmcmVzaCIsImV4cCI6MTc3NTE0NTM5OCwiaWF0IjoxNzc1MDU4OTk4LCJqdGkiOiI0YWY5OWYyODQ0Njg0MWJhOTY5YjJmZmIxMGI5NDcxYiIsInVzZXJfaWQiOjF9.JvDCLBy10SVZhtwlMTqOex1ZOy-kRmuWW2_pUaMYrFc','2026-04-01 15:56:38.075623','2026-04-02 15:56:38.000000',1,'4af99f28446841ba969b2ffb10b9471b'),
(82,'eyJhbGciOiJIUzI1NiIsInR5cCI6IkpXVCJ9.eyJ0b2tlbl90eXBlIjoicmVmcmVzaCIsImV4cCI6MTc3NTE0NTQxMSwiaWF0IjoxNzc1MDU5MDExLCJqdGkiOiIzNzg2Y2Y1N2EwOWQ0YzFlYmVhYWY0MWY2ZDhkYzE1YyIsInVzZXJfaWQiOjF9.61u0zZmN-tqNOwAuDhpjFnBeXnhZmqXFi0Xyb3FpoR4','2026-04-01 15:56:51.776124','2026-04-02 15:56:51.000000',1,'3786cf57a09d4c1ebeaaf41f6d8dc15c'),
(83,'eyJhbGciOiJIUzI1NiIsInR5cCI6IkpXVCJ9.eyJ0b2tlbl90eXBlIjoicmVmcmVzaCIsImV4cCI6MTc3NTE0NTUxMywiaWF0IjoxNzc1MDU5MTEzLCJqdGkiOiJiMWI4NmU5NWFjZDU0NDliYTJhYWI0ODE3ZGI5NjA2MCIsInVzZXJfaWQiOjF9.4Z3xvMCTuMYhbonDP1tgbJZ7lPS-31TQa0xZ_1gMA4Y','2026-04-01 15:58:33.781261','2026-04-02 15:58:33.000000',1,'b1b86e95acd5449ba2aab4817db96060'),
(84,'eyJhbGciOiJIUzI1NiIsInR5cCI6IkpXVCJ9.eyJ0b2tlbl90eXBlIjoicmVmcmVzaCIsImV4cCI6MTc3NTE0NTUyNiwiaWF0IjoxNzc1MDU5MTI2LCJqdGkiOiJjZGQwZmFiYTcyMjM0YWQ3ODlhMmZmNmRjNjU2MTc0ZiIsInVzZXJfaWQiOjF9.fMh-P7ivYlL9T5r5tJWdwt7I_-6amnv5ZYcHic3kf4w','2026-04-01 15:58:46.411618','2026-04-02 15:58:46.000000',1,'cdd0faba72234ad789a2ff6dc656174f'),
(85,'eyJhbGciOiJIUzI1NiIsInR5cCI6IkpXVCJ9.eyJ0b2tlbl90eXBlIjoicmVmcmVzaCIsImV4cCI6MTc3NTE0NTUzOCwiaWF0IjoxNzc1MDU5MTM4LCJqdGkiOiI5ODg3NWE5ZDQzM2Y0MTAzODQ1ZDgxNjMxYWNmNmZmNSIsInVzZXJfaWQiOjF9.7CQQLdW8es3NRaGvZbiQNYfX1yKpuXoKI-ooNmdxNK4','2026-04-01 15:58:58.926313','2026-04-02 15:58:58.000000',1,'98875a9d433f4103845d81631acf6ff5'),
(86,'eyJhbGciOiJIUzI1NiIsInR5cCI6IkpXVCJ9.eyJ0b2tlbl90eXBlIjoicmVmcmVzaCIsImV4cCI6MTc3NTE0NTYyNywiaWF0IjoxNzc1MDU5MjI3LCJqdGkiOiJmMTQzM2M2MmEyZTE0ZWFiOWYzMWY5MzdiYmFhYzlkNiIsInVzZXJfaWQiOjF9.ZFQTmghL4mWvgi5ViyT63mkTpnQQo6NWQEhexG3ig2A','2026-04-01 16:00:27.602399','2026-04-02 16:00:27.000000',1,'f1433c62a2e14eab9f31f937bbaac9d6'),
(87,'eyJhbGciOiJIUzI1NiIsInR5cCI6IkpXVCJ9.eyJ0b2tlbl90eXBlIjoicmVmcmVzaCIsImV4cCI6MTc3NTE0NTY1OSwiaWF0IjoxNzc1MDU5MjU5LCJqdGkiOiJkM2FiZmY4NjMzODM0Mjc2YTljMDJlYmE2YjkwZDM0OCIsInVzZXJfaWQiOjF9.gjy5OYgCiOcxJ__t5wV67X6Ah3AawbwPYVTLpXNzOTg','2026-04-01 16:00:59.412694','2026-04-02 16:00:59.000000',1,'d3abff8633834276a9c02eba6b90d348'),
(88,'eyJhbGciOiJIUzI1NiIsInR5cCI6IkpXVCJ9.eyJ0b2tlbl90eXBlIjoicmVmcmVzaCIsImV4cCI6MTc3NTE0NTY4OSwiaWF0IjoxNzc1MDU5Mjg5LCJqdGkiOiJiYjg0NDllNWFkOGM0MjNiOTYwMjJmMzA5ZmI1NDVjNyIsInVzZXJfaWQiOjF9.rXKBKQVb_VzF6eMqI1y6JX7ZT-sjCcaX8GV83MgvZFA','2026-04-01 16:01:29.564179','2026-04-02 16:01:29.000000',1,'bb8449e5ad8c423b96022f309fb545c7'),
(89,'eyJhbGciOiJIUzI1NiIsInR5cCI6IkpXVCJ9.eyJ0b2tlbl90eXBlIjoicmVmcmVzaCIsImV4cCI6MTc3NTE0NTc0NCwiaWF0IjoxNzc1MDU5MzQ0LCJqdGkiOiJjNjEwMThmMjIxM2U0NGRlYjI2ZjQ2MWUwMjU5NDgwMSIsInVzZXJfaWQiOjF9.7XlUp_9Oq-ZSb2P3ROncD8P5ws-uS9yol1aREdv9OmQ','2026-04-01 16:02:24.236782','2026-04-02 16:02:24.000000',1,'c61018f2213e44deb26f461e02594801'),
(90,'eyJhbGciOiJIUzI1NiIsInR5cCI6IkpXVCJ9.eyJ0b2tlbl90eXBlIjoicmVmcmVzaCIsImV4cCI6MTc3NTE0NTc3MSwiaWF0IjoxNzc1MDU5MzcxLCJqdGkiOiI1YzM3ZDVmMGYzNDY0NTY1YTk0MzgwMTU2ZDkzZTkwNSIsInVzZXJfaWQiOjF9.QHu9j7wo9ePSpRx5yqKvjaQO6dE_8lEjIHIVMWjn3O4','2026-04-01 16:02:51.188359','2026-04-02 16:02:51.000000',1,'5c37d5f0f3464565a94380156d93e905'),
(91,'eyJhbGciOiJIUzI1NiIsInR5cCI6IkpXVCJ9.eyJ0b2tlbl90eXBlIjoicmVmcmVzaCIsImV4cCI6MTc3NTE0NTc3MSwiaWF0IjoxNzc1MDU5MzcxLCJqdGkiOiJjNjNmMzUxN2U4MjU0OWU3YTg5M2FmYTE1MjE0OGNjNiIsInVzZXJfaWQiOjF9.qCpUEFlQAZIBi3-_85BXKJm2oGhW1QUJKRUkWlNBLXg','2026-04-01 16:02:51.282864','2026-04-02 16:02:51.000000',1,'c63f3517e82549e7a893afa152148cc6'),
(92,'eyJhbGciOiJIUzI1NiIsInR5cCI6IkpXVCJ9.eyJ0b2tlbl90eXBlIjoicmVmcmVzaCIsImV4cCI6MTc3NTE0Njk2NSwiaWF0IjoxNzc1MDYwNTY1LCJqdGkiOiI0ZjNiOTc3N2NjOGM0MGQ3YWRjNGQ5ZDRiMjYxNzZlZCIsInVzZXJfaWQiOjF9.Q4nBFvXB0PKtzlpbPGvw-tiZUxuEWynrNT0U7oTrCD4','2026-04-01 16:22:45.679670','2026-04-02 16:22:45.000000',1,'4f3b9777cc8c40d7adc4d9d4b26176ed'),
(93,'eyJhbGciOiJIUzI1NiIsInR5cCI6IkpXVCJ9.eyJ0b2tlbl90eXBlIjoicmVmcmVzaCIsImV4cCI6MTc3NTE4MTgyNSwiaWF0IjoxNzc1MDk1NDI1LCJqdGkiOiJhMDEzNzY1NDIzYWQ0NTliYjMzNTkwYWExMDI5MDBhNSIsInVzZXJfaWQiOjF9.wyQjbOtcn-q-g0gePYB7p8VNO0xsksKU6hkwtHyGhWg','2026-04-02 02:03:45.517783','2026-04-03 02:03:45.000000',1,'a013765423ad459bb33590aa102900a5'),
(94,'eyJhbGciOiJIUzI1NiIsInR5cCI6IkpXVCJ9.eyJ0b2tlbl90eXBlIjoicmVmcmVzaCIsImV4cCI6MTc3NTc4NTA1OSwiaWF0IjoxNzc1Njk4NjU5LCJqdGkiOiJlNDYyYzM1YjM4MjI0ZmMwODYyNjU0OTc2NTNkMzc2NiIsInVzZXJfaWQiOjF9.og2BX6m14sIv3EBHZ-pt2KAvJ8WzTrzlhv36P_1eBHQ','2026-04-09 01:37:39.710361','2026-04-10 01:37:39.000000',1,'e462c35b38224fc086265497653d3766'),
(95,'eyJhbGciOiJIUzI1NiIsInR5cCI6IkpXVCJ9.eyJ0b2tlbl90eXBlIjoicmVmcmVzaCIsImV4cCI6MTc3NTgwMDgwNCwiaWF0IjoxNzc1NzE0NDA0LCJqdGkiOiJhNjMxMDFlMDk1ZWU0OGYxYTI3ZDgzM2I3MjE2ZjllOSIsInVzZXJfaWQiOjF9.sr0vycKKyc4kT-89zQmnpeV7cEcg_xonkmbS4KV3rsM','2026-04-09 06:00:04.092417','2026-04-10 06:00:04.000000',1,'a63101e095ee48f1a27d833b7216f9e9'),
(96,'eyJhbGciOiJIUzI1NiIsInR5cCI6IkpXVCJ9.eyJ0b2tlbl90eXBlIjoicmVmcmVzaCIsImV4cCI6MTc3NTgwMTgxMSwiaWF0IjoxNzc1NzE1NDExLCJqdGkiOiIyNDk0YTM0NWYxNjE0YWE2YTJkMjBjZTI2NTMyZTQyNCIsInVzZXJfaWQiOjF9.hSVEFVY1MI6C8GhP7i-TjZ_zlQyzhnsiDFodsiJiNec','2026-04-09 06:16:51.715390','2026-04-10 06:16:51.000000',1,'2494a345f1614aa6a2d20ce26532e424'),
(97,'eyJhbGciOiJIUzI1NiIsInR5cCI6IkpXVCJ9.eyJ0b2tlbl90eXBlIjoicmVmcmVzaCIsImV4cCI6MTc3NTgwMTgzNiwiaWF0IjoxNzc1NzE1NDM2LCJqdGkiOiJmYzljMjQwODM1YTY0ZTlhOGQ4ODNkMTNmM2ZjNDI5NiIsInVzZXJfaWQiOjF9.7rDuuiO0ec8E_cAOz3dWtFNc5xMpEPe_4bMFHrxXCqs','2026-04-09 06:17:16.545290','2026-04-10 06:17:16.000000',1,'fc9c240835a64e9a8d883d13f3fc4296'),
(98,'eyJhbGciOiJIUzI1NiIsInR5cCI6IkpXVCJ9.eyJ0b2tlbl90eXBlIjoicmVmcmVzaCIsImV4cCI6MTc3NTgwMjYzOSwiaWF0IjoxNzc1NzE2MjM5LCJqdGkiOiJlZmIwZWI2NjNmYzY0ZjE3YjY2NDYwMWU2M2U4MDBkZCIsInVzZXJfaWQiOjF9.8nU80sZKosSLD8yrkMC2mM58dHRb1vjHKzdq2sINCqQ','2026-04-09 06:30:39.156061','2026-04-10 06:30:39.000000',1,'efb0eb663fc64f17b664601e63e800dd'),
(99,'eyJhbGciOiJIUzI1NiIsInR5cCI6IkpXVCJ9.eyJ0b2tlbl90eXBlIjoicmVmcmVzaCIsImV4cCI6MTc3NTgwNTUxMywiaWF0IjoxNzc1NzE5MTEzLCJqdGkiOiI3MzkzZTgzOGRjZDk0NDNiOTA1YTI0ODBlZmI1YmM4YyIsInVzZXJfaWQiOjF9.BgbCfhz6zUXu9_5Zfez4LIlTSG0t3Ac-X_rIjnSbZw0','2026-04-09 07:18:33.934699','2026-04-10 07:18:33.000000',1,'7393e838dcd9443b905a2480efb5bc8c'),
(100,'eyJhbGciOiJIUzI1NiIsInR5cCI6IkpXVCJ9.eyJ0b2tlbl90eXBlIjoicmVmcmVzaCIsImV4cCI6MTc3NTgwNjE2MSwiaWF0IjoxNzc1NzE5NzYxLCJqdGkiOiJiYTNjMzU5OTRkNTU0ZjhjYTQ4ZjIxMTcxZjQwMTZkOSIsInVzZXJfaWQiOjF9.AKmhmoMMTVVOXnJyDxeZeHcVV93oaE2GMrh1rfD80f8','2026-04-09 07:29:21.465648','2026-04-10 07:29:21.000000',1,'ba3c35994d554f8ca48f21171f4016d9'),
(101,'eyJhbGciOiJIUzI1NiIsInR5cCI6IkpXVCJ9.eyJ0b2tlbl90eXBlIjoicmVmcmVzaCIsImV4cCI6MTc3NTgxMzQ5OCwiaWF0IjoxNzc1NzI3MDk4LCJqdGkiOiIyYTRkNTVhNDNjODU0MzcxYTgyMDE4NzA0OTM2MzYxYiIsInVzZXJfaWQiOjF9.B0n2BsdLUaWQttvVN57iXHBQWtHzZttVzorI6WHz1TY','2026-04-09 09:31:38.196854','2026-04-10 09:31:38.000000',1,'2a4d55a43c854371a82018704936361b'),
(102,'eyJhbGciOiJIUzI1NiIsInR5cCI6IkpXVCJ9.eyJ0b2tlbl90eXBlIjoicmVmcmVzaCIsImV4cCI6MTc3NTgxNzgwMCwiaWF0IjoxNzc1NzMxNDAwLCJqdGkiOiI0YjlhNjc5YzY1ZjY0OTY3YjI0Nzg4MjI0M2JiZTQxNSIsInVzZXJfaWQiOjF9.jIsVIoG-aHQYR9C8RadMZsaddC5Reri9Z9btDaByqKA','2026-04-09 10:43:20.463742','2026-04-10 10:43:20.000000',1,'4b9a679c65f64967b247882243bbe415'),
(103,'eyJhbGciOiJIUzI1NiIsInR5cCI6IkpXVCJ9.eyJ0b2tlbl90eXBlIjoicmVmcmVzaCIsImV4cCI6MTc3NTgxODc3MCwiaWF0IjoxNzc1NzMyMzcwLCJqdGkiOiI1NjBjZjA5ZTM1MDU0MjMzODhlZjllODIyODg4NGFhMCIsInVzZXJfaWQiOjF9.jUt9eWyWIhKDdCiLGgWvqzRhRuJiny98LktZOVC7U34','2026-04-09 10:59:30.403964','2026-04-10 10:59:30.000000',1,'560cf09e3505423388ef9e8228884aa0'),
(104,'eyJhbGciOiJIUzI1NiIsInR5cCI6IkpXVCJ9.eyJ0b2tlbl90eXBlIjoicmVmcmVzaCIsImV4cCI6MTc3NTgyMDIwMSwiaWF0IjoxNzc1NzMzODAxLCJqdGkiOiIzOWQwY2IzYzZkOTc0MGJiYTUzZmVkNWFiZWY3OTUwMiIsInVzZXJfaWQiOjF9.o1Mnf967p1EQkoFNzxmlPNqjZpOkAejE6U4r3BrTMio','2026-04-09 11:23:21.413525','2026-04-10 11:23:21.000000',1,'39d0cb3c6d9740bba53fed5abef79502'),
(105,'eyJhbGciOiJIUzI1NiIsInR5cCI6IkpXVCJ9.eyJ0b2tlbl90eXBlIjoicmVmcmVzaCIsImV4cCI6MTc3NTgyMTU4MCwiaWF0IjoxNzc1NzM1MTgwLCJqdGkiOiI1MjBmN2M1ZTFhNWQ0ZTVhOGYyZTJhMDYzOTBiYTRmNiIsInVzZXJfaWQiOjF9.i8t5W8OQmv8V_ABr6nGIvHNvYMjajDQsbYcNtnB4J24','2026-04-09 11:46:20.548598','2026-04-10 11:46:20.000000',1,'520f7c5e1a5d4e5a8f2e2a06390ba4f6');
/*!40000 ALTER TABLE `token_blacklist_outstandingtoken` ENABLE KEYS */;
UNLOCK TABLES;

--
-- Table structure for table `users`
--

DROP TABLE IF EXISTS `users`;
/*!40101 SET @saved_cs_client     = @@character_set_client */;
/*!40101 SET character_set_client = utf8mb4 */;
CREATE TABLE `users` (
  `id` bigint(20) NOT NULL AUTO_INCREMENT,
  `password` varchar(128) NOT NULL,
  `last_login` datetime(6) DEFAULT NULL,
  `is_superuser` tinyint(1) NOT NULL,
  `username` varchar(150) NOT NULL,
  `first_name` varchar(150) NOT NULL,
  `last_name` varchar(150) NOT NULL,
  `email` varchar(254) NOT NULL,
  `is_staff` tinyint(1) NOT NULL,
  `is_active` tinyint(1) NOT NULL,
  `date_joined` datetime(6) NOT NULL,
  `role` varchar(30) NOT NULL,
  `roll_number` varchar(50) DEFAULT NULL,
  `failed_login_attempts` int(11) NOT NULL,
  `locked_until` datetime(6) DEFAULT NULL,
  `branch` varchar(50) DEFAULT NULL,
  `department` varchar(100) DEFAULT NULL,
  `is_active_user` tinyint(1) NOT NULL,
  `results_upload` tinyint(1) NOT NULL,
  `results_edit` tinyint(1) NOT NULL,
  `results_delete` tinyint(1) NOT NULL,
  `results_download` tinyint(1) NOT NULL,
  `students_view` tinyint(1) NOT NULL,
  `students_detained_report` tinyint(1) NOT NULL,
  `circulars_view` tinyint(1) NOT NULL,
  `circulars_create` tinyint(1) NOT NULL,
  `circulars_edit` tinyint(1) NOT NULL,
  `circulars_delete` tinyint(1) NOT NULL,
  `timetable_view` tinyint(1) NOT NULL,
  `timetable_create` tinyint(1) NOT NULL,
  `halltickets_view` tinyint(1) NOT NULL,
  `halltickets_create` tinyint(1) NOT NULL,
  `halltickets_generate` tinyint(1) NOT NULL,
  `halltickets_download` tinyint(1) NOT NULL,
  `statistics_view` tinyint(1) NOT NULL,
  `auditlogs_view` tinyint(1) NOT NULL,
  `users_view` tinyint(1) NOT NULL,
  `users_create` tinyint(1) NOT NULL,
  `users_edit` tinyint(1) NOT NULL,
  `users_delete` tinyint(1) NOT NULL,
  `access_all_branches` tinyint(1) NOT NULL,
  PRIMARY KEY (`id`),
  UNIQUE KEY `username` (`username`),
  UNIQUE KEY `roll_number` (`roll_number`)
) ENGINE=InnoDB AUTO_INCREMENT=19 DEFAULT CHARSET=utf8mb4 COLLATE=utf8mb4_general_ci;
/*!40101 SET character_set_client = @saved_cs_client */;

--
-- Dumping data for table `users`
--

LOCK TABLES `users` WRITE;
/*!40000 ALTER TABLE `users` DISABLE KEYS */;
INSERT INTO `users` VALUES
(1,'argon2$argon2id$v=19$m=102400,t=2,p=8$Q2FkS0FMcEdvZTVTeDhFbjRWckRpbA$OpatG/Fc9zsuZMuEPJYXyUmXVCn+H967LILU0VjdtGw',NULL,1,'admin','','','admin@spmvv.edu',1,1,'2026-03-21 03:29:15.210261','admin',NULL,0,NULL,NULL,NULL,1,1,1,1,1,1,1,1,1,1,1,1,1,1,1,1,1,1,1,1,1,1,1,1),
(2,'argon2$argon2id$v=19$m=102400,t=2,p=8$UEo4MGIzckFpVVV6QU1NUmhlTXhXRQ$oRfytu15RxHiPCCqz2qCyEcyTNbropaFn/PAVndBNbM',NULL,0,'2271010','Gowtham','Chendra','go@gmail.com',0,1,'2026-03-21 06:17:26.044254','student','2271010',0,NULL,'EEE',NULL,1,0,0,0,0,0,0,0,0,0,0,0,0,0,0,0,0,0,0,0,0,0,0,0);
/*!40000 ALTER TABLE `users` ENABLE KEYS */;
UNLOCK TABLES;

--
-- Table structure for table `users_groups`
--

DROP TABLE IF EXISTS `users_groups`;
/*!40101 SET @saved_cs_client     = @@character_set_client */;
/*!40101 SET character_set_client = utf8mb4 */;
CREATE TABLE `users_groups` (
  `id` bigint(20) NOT NULL AUTO_INCREMENT,
  `user_id` bigint(20) NOT NULL,
  `group_id` int(11) NOT NULL,
  PRIMARY KEY (`id`),
  UNIQUE KEY `users_groups_user_id_group_id_fc7788e8_uniq` (`user_id`,`group_id`),
  KEY `users_groups_group_id_2f3517aa_fk_auth_group_id` (`group_id`),
  CONSTRAINT `users_groups_group_id_2f3517aa_fk_auth_group_id` FOREIGN KEY (`group_id`) REFERENCES `auth_group` (`id`),
  CONSTRAINT `users_groups_user_id_f500bee5_fk_users_id` FOREIGN KEY (`user_id`) REFERENCES `users` (`id`)
) ENGINE=InnoDB DEFAULT CHARSET=utf8mb4 COLLATE=utf8mb4_general_ci;
/*!40101 SET character_set_client = @saved_cs_client */;

--
-- Dumping data for table `users_groups`
--

LOCK TABLES `users_groups` WRITE;
/*!40000 ALTER TABLE `users_groups` DISABLE KEYS */;
/*!40000 ALTER TABLE `users_groups` ENABLE KEYS */;
UNLOCK TABLES;

--
-- Table structure for table `users_user_permissions`
--

DROP TABLE IF EXISTS `users_user_permissions`;
/*!40101 SET @saved_cs_client     = @@character_set_client */;
/*!40101 SET character_set_client = utf8mb4 */;
CREATE TABLE `users_user_permissions` (
  `id` bigint(20) NOT NULL AUTO_INCREMENT,
  `user_id` bigint(20) NOT NULL,
  `permission_id` int(11) NOT NULL,
  PRIMARY KEY (`id`),
  UNIQUE KEY `users_user_permissions_user_id_permission_id_3b86cbdf_uniq` (`user_id`,`permission_id`),
  KEY `users_user_permissio_permission_id_6d08dcd2_fk_auth_perm` (`permission_id`),
  CONSTRAINT `users_user_permissio_permission_id_6d08dcd2_fk_auth_perm` FOREIGN KEY (`permission_id`) REFERENCES `auth_permission` (`id`),
  CONSTRAINT `users_user_permissions_user_id_92473840_fk_users_id` FOREIGN KEY (`user_id`) REFERENCES `users` (`id`)
) ENGINE=InnoDB DEFAULT CHARSET=utf8mb4 COLLATE=utf8mb4_general_ci;
/*!40101 SET character_set_client = @saved_cs_client */;

--
-- Dumping data for table `users_user_permissions`
--

LOCK TABLES `users_user_permissions` WRITE;
/*!40000 ALTER TABLE `users_user_permissions` DISABLE KEYS */;
/*!40000 ALTER TABLE `users_user_permissions` ENABLE KEYS */;
UNLOCK TABLES;
/*!40103 SET TIME_ZONE=@OLD_TIME_ZONE */;

/*!40101 SET SQL_MODE=@OLD_SQL_MODE */;
/*!40014 SET FOREIGN_KEY_CHECKS=@OLD_FOREIGN_KEY_CHECKS */;
/*!40014 SET UNIQUE_CHECKS=@OLD_UNIQUE_CHECKS */;
/*!40101 SET CHARACTER_SET_CLIENT=@OLD_CHARACTER_SET_CLIENT */;
/*!40101 SET CHARACTER_SET_RESULTS=@OLD_CHARACTER_SET_RESULTS */;
/*!40101 SET COLLATION_CONNECTION=@OLD_COLLATION_CONNECTION */;
/*!40111 SET SQL_NOTES=@OLD_SQL_NOTES */;

-- Dump completed on 2026-04-09 12:05:37
